4.95	-4160	3000	-0	0	0	0	-3900	-1100	0	0
4.98	-4160	3000	-0	-4160	3000	0	-3900	-1100	0	0
5.01	-4160	3000	-0	-4160	3000	0	-3900	-1100	0	0
5.04	-4160	3000	-0	-4160	3000	0	-3900	-1100	0	0
5.07	-4160	3000	-0	-4160	3000	0	-3900	-1100	0	0
5.1	-4160	3000	-0	-4160	3000	0	-3900	-1100	0	0
5.13	-4160	3000	-0	-4160	3000	0	-3900	-1100	0	0
5.16	-4160	3000	-0	-4160	3000	0	-3900	-1100	0	0
5.19	-4160	3000	-0	-4160	3000	0	-3900	-1100	0	0
5.22	-4160	3000	-0	-4160	3000	0	-3900	-1100	0	0
5.25	-4160	3000	-0	-4160	3000	0	-3900	-1100	0	0
5.28	-4160	3000	-0	-4160	3000	0	-3900	-1100	0	0
5.31	-4160	3000	-0	-4160	3000	0	-3900	-1100	0	0
5.34	-4160	3000	-0	-4160	3000	0	-3900	-1100	0	0
5.37	-4160	3000	-0	-4160	3000	0	-3900	-1100	0	0
5.4	-4160	3000	-0	-4160	3000	0	-3900	-1100	0	0
5.43	-4160	3000	-0	-4160	3000	0	-3900	-1100	0	0
5.46	-4160	3000	-0	-4160	3000	0	-3900	-1100	0	0
5.49	-4160	3000	-0	-4160	3000	0	-3900	-1100	0	0
5.52	-4160	3000	-0	-4160	3000	0	-3900	-1100	0	0
5.55	-4160	3000	-0	-4160	3000	0	-3900	-1100	0	0
5.58	-4160	3000	-0	-4160	3000	0	-3900	-1100	0	0
5.61	-4160	3000	-0	-4160	3000	0	-3900	-1100	0	0
5.64	-4160	3000	-0	-4160	3000	0	-3900	-1100	0	0
5.67	-4160	3000	-0	-4160	3000	0	-3900	-1100	0	0
5.7	-4160	3000	-0	-4160	3000	0	-3900	-1100	0	0
5.73	-4160	3000	-0	-4160	3000	0	-3900	-1100	0	0
5.76	-4160	3000	-0	-4160	3000	0	-3900	-1100	0	0
5.79	-4160	3000	-0	-4160	3000	0	-3900	-1100	0	0
5.82	-4160	3000	-0	-4160	3000	0	-3900	-1100	0	0
5.85	-4160	3000	-0	-4160	3000	0	-3900	-1100	0	0
5.88	-4160	3000	-0	-4160	3000	0	-3900	-1100	0	0
5.91	-4160	3000	-0	-4160	3000	0	-3900	-1100	0	0
5.94	-4160	3000	-0	-4160	3000	0	-3900	-1100	0	0
5.97	-4160	3000	-0	-4160	3000	0	-3900	-1100	0	0
6	-4160	3000	-0	-4160	3000	0	-3900	-1100	0	0
6.03	-4160	3000	-0	-4160	3000	0	-3900	-1100	0	0
6.06	-4160	3000	-0	-4160	3000	0	-3900	-1100	0	0
6.09	-4160	3000	-0	-4160	3000	0	-3900	-1100	0	0
6.12	-4160	3000	-0	-4160	3000	0	-3900	-1100	0	0
6.15	-4160	3000	-0	-4160	3000	0	-3900	-1100	0	0
6.18	-4160	3000	-0	-4160	3000	0	-3900	-1100	0	0
6.21	-4160	3000	-0	-4160	3000	0	-3900	-1100	0	0
6.24	-4160	3000	-0	-4160	3000	0	-3900	-1100	0	0
6.27	-4160	3000	-0	-4160	3000	0	-3900	-1100	0	0
6.3	-4160	3000	-0	-4160	3000	0	-3900	-1100	0	0
6.33	-4160	3000	-0	-4160	3000	0	-3900	-1100	0	0
6.36	-4160	3000	-0	-4160	3000	0	-3900	-1100	0	0
6.39	-4160	3000	-0	-4160	3000	0	-3900	-1100	0	0
6.42	-4160	3000	-0	-4160	3000	0	-3900	-1100	0	0
6.45	-4160	3000	-0	-4160	3000	0	-3900	-1100	0	0
6.48	-4160	3000	-0	-4160	3000	0	-3900	-1100	0	0
6.51	-4160	3000	-0	-4160	3000	0	-3900	-1100	0	0
6.54	-4160	3000	-0	-4160	3000	0	-3900	-1100	0	0
6.57	-4160	3000	-0	-4160	3000	0	-3900	-1100	0	0
6.6	-4160	3000	-0	-4160	3000	0	-3900	-1100	0	0
6.63	-4160	3000	-0	-4160	3000	0	-3900	-1100	0	0
6.66	-4160	3000	-0	-4160	3000	0	-3900	-1100	0	0
6.69	-4160	3000	-0	-4160	3000	0	-3900	-1100	0	0
6.72	-4160	3000	-0	-4160	3000	0	-3900	-1100	0	0
6.75	-4160	3000	-0	-4160	3000	0	-3900	-1100	0	0
6.78	-4160	3000	-0	-4160	3000	0	-3900	-1100	0	0
6.81	-4160	3000	-0	-4160	3000	0	-3900	-1100	0	0
6.84	-4160	3000	-0	-4160	3000	0	-3900	-1100	0	0
6.87	-4160	3000	-0	-4160	3000	0	-3900	-1100	0	0
6.9	-4160	3000	-0	-4160	3000	0	-3900	-1100	0	0
6.93	-4160	3000	-0	-4160	3000	0	-3900	-1100	0	0
6.96	-4160	3000	-0	-4160	3000	0	-3900	-1100	0	0
6.99	-4160	3000	0.0467748	-4160	3000	0	-3900	-1100	0	0
7.02	-4160	3000	0.189019	-4160	3000	-0.00018326	-3900	-1100	0	0
7.05	-4160	3000	0.318697	-4160	3000	-0.000411898	-3900	-1100	0	0
7.08	-4160	3000	0.348193	-4160	3000	-0.00039968	-3900	-1100	0	0
7.11	-4160	3000	0.349415	-4160	3000	-0.000389208	-3900	-1100	0	0
7.14	-4160	3000	0.348891	-4160	3000	-0.000387463	-3900	-1100	0	0
7.17	-4160	3000	0.348717	-4160	3000	-0.000387463	-3900	-1100	0	0
7.2	-4160	3000	0.348717	-4160	3000	-0.000387463	-3900	-1100	0	0
7.23	-4160	3000	0.348717	-4160	3000	-0.000387463	-3900	-1100	0	0
7.26	-4160	3000	0.348717	-4160	3000	-0.000387463	-3900	-1100	0	0
7.29	-4160	3000	0.348717	-4160	3000	-0.000387463	-3900	-1100	0	0
7.32	-4160	3000	0.301942	-4160	3000	-0.000387463	-3900	-1100	0	0
7.35	-4160	3000	0.160221	-4160	3000	-0.000274017	-3900	-1100	0	0
7.38	-4160	3000	-0.000349066	-4160	3000	-1.22173e-05	-3900	-1100	0	0
7.41	-4160	3000	-0.161617	-4160	3000	0.00010821	-3900	-1100	0	0
7.44	-4160	3000	-0.306829	-4160	3000	0.000345575	-3900	-1100	0	0
7.47	-4160	3000	-0.346622	-4160	3000	0.000410152	-3900	-1100	0	0
7.5	-4160	3000	-0.34924	-4170	2994	-0.00205317	-3900	-1100	0	0
7.53	-4160	3000	-0.348717	-4179	2986	0.0115847	-3900	-1100	0	0
7.56	-4160	3000	-0.402997	-4158	2980	-0.0246982	-3900	-1100	0	0
7.59	-4160	2990	-0.49707	-4156	2974	-0.0290017	-3900	-1100	0	0
7.62	-4160	2990	-0.59603	-4178	2965	-0.00536482	-3900	-1100	0	0
7.65	-4160	2990	-0.694816	-4191	2965	0.0107313	-3900	-1100	0	0
7.68	-4160	2990	-0.794823	-4191	2965	0.0107313	-3900	-1100	0	0
7.71	-4160	2990	-0.896401	-4202	2971	0.0242248	-3900	-1100	0	0
7.74	-4160	3000	-1.00025	-4201	2983	0.0180874	-3900	-1100	0	0
7.77	-4160	3010	-1.10741	-4197	2994	0.0123751	-3900	-1100	0	0
7.8	-4160	3020	-1.21667	-4189	2994	-0.000709196	-3900	-1100	0	0
7.83	-4160	3030	-1.3268	-4191	2994	-0.0132107	-3900	-1100	0	0
7.86	-4160	3040	-1.41215	-4200	2994	-0.0189418	-3900	-1100	0	0
7.89	-4150	3050	-1.43274	-4182	3001	-0.0432546	-3900	-1100	0	0
7.92	-4150	3050	-1.42873	-4162	3000	-0.0680221	-3900	-1100	0	0
7.95	-4150	3060	-1.42105	-4149	3005	-0.0792034	-3900	-1100	0	0
7.98	-4150	3060	-1.43763	-4155	3012	-0.0829611	-3900	-1100	0	0
8.01	-4150	3060	-1.47812	-4152	3010	-0.120337	-3900	-1100	0	0
8.04	-4160	3050	-1.5214	-4152	3010	-0.120337	-3900	-1100	0	0
8.07	-4160	3050	-1.56888	-4158	3014	-0.175708	-3900	-1100	0	0
8.1	-4160	3040	-1.59715	-4165	3018	-0.232304	-3900	-1100	0	0
8.13	-4170	3030	-1.57725	-4161	3022	-0.297978	-3900	-1100	0	0
8.16	-4170	3010	-1.57254	-4160	3026	-0.368076	-3900	-1100	0	0
8.19	-4180	3000	-1.52646	-4173	3025	-0.373269	-3900	-1100	0	0
8.22	-4180	2990	-1.4584	-4171	3027	-0.389012	-3900	-1100	0	0
8.25	-4180	2980	-1.42803	-4178	3026	-0.3808	-3900	-1100	0	0
8.28	-4190	2980	-1.42663	-4178	3028	-0.379565	-3900	-1100	0	0
8.31	-4180	2980	-1.4385	-4183	3032	-0.381892	-3900	-1100	0	0
8.34	-4180	2990	-1.48405	-4177	3026	-0.423289	-3900	-1100	0	0
8.37	-4170	2990	-1.53572	-4184	3030	-0.470131	-3900	-1100	0	0
8.4	-4170	3000	-1.56294	-4184	3030	-0.470131	-3900	-1100	0	0
8.43	-4160	3000	-1.5804	-4181	3029	-0.565959	-3900	-1100	0	0
8.46	-4150	3010	-1.54619	-4178	3030	-0.616635	-3900	-1100	0	0
8.49	-4150	3010	-1.47341	-4177	3030	-0.649428	-3900	-1100	0	0
8.52	-4150	3010	-1.44269	-4179	3031	-0.645643	-3900	-1100	0	0
8.55	-4150	3010	-1.45299	-4181	3028	-0.65648	-3900	-1100	0	0
8.58	-4150	3000	-1.49069	-4181	3029	-0.686121	-3900	-1100	0	0
8.61	-4160	3000	-1.53432	-4182	3026	-0.733149	-3900	-1100	0	0
8.64	-4170	2990	-1.57516	-4178	3024	-0.844172	-3900	-1100	0	0
8.67	-4180	2980	-1.62351	-4181	3025	-0.890571	-3900	-1100	0	0
8.7	-4200	2980	-1.61565	-4179	3022	-0.959414	-3900	-1100	0	0
8.73	-4210	2970	-1.52105	-4180	3021	-0.965174	-3900	-1100	0	0
8.76	-4220	2970	-1.43309	-4180	3021	-0.965174	-3900	-1100	0	0
8.79	-4220	2970	-1.4001	-4179	3024	-0.941206	-3900	-1100	0	0
8.82	-4230	2970	-1.39504	-4181	3023	-0.927741	-3900	-1100	0	0
8.85	-4230	2970	-1.44251	-4184	3021	-0.924739	-3900	-1100	0	0
8.88	-4220	2970	-1.50988	-4183	3016	-0.995968	-3900	-1100	0	0
8.91	-4210	2970	-1.55788	-4181	3015	-1.07568	-3900	-1100	0	0
8.94	-4200	2970	-1.56416	-4182	3014	-1.10858	-3900	-1100	0	0
8.97	-4190	2970	-1.55491	-4181	3011	-1.18936	-3900	-1100	0	0
9	-4180	2970	-1.53484	-4179	3009	-1.22732	-3900	-1100	0	0
9.03	-4170	2970	-1.48475	-4178	3006	-1.2334	-3900	-1100	0	0
9.06	-4160	2970	-1.45526	-4179	3002	-1.22124	-3900	-1100	0	0
9.09	-4160	2970	-1.4591	-4176	2999	-1.24953	-3900	-1100	0	0
9.12	-4160	2970	-1.47428	-4176	2999	-1.24953	-3900	-1100	0	0
9.15	-4160	2960	-1.49069	-4178	2995	-1.267	-3900	-1100	0	0
9.18	-4170	2960	-1.50029	-4178	2992	-1.29418	-3900	-1100	0	0
9.21	-4180	2960	-1.50063	-4176	2989	-1.33715	-3900	-1100	0	0
9.24	-4190	2950	-1.49313	-4174	2983	-1.38985	-3900	-1100	0	0
9.27	-4200	2950	-1.48004	-4173	2980	-1.40042	-3900	-1100	0	0
9.3	-4210	2940	-1.45246	-4174	2978	-1.41417	-3900	-1100	0	0
9.33	-4210	2940	-1.42716	-4173	2974	-1.42374	-3900	-1100	0	0
9.36	-4220	2940	-1.40028	-4175	2967	-1.41061	-3900	-1100	0	0
9.39	-4220	2940	-1.38876	-4175	2960	-1.4011	-3900	-1100	0	0
9.42	-4210	2940	-1.39783	-4175	2956	-1.39497	-3900	-1100	0	0
9.45	-4200	2930	-1.41738	-4172	2950	-1.40987	-3900	-1100	0	0
9.48	-4190	2930	-1.44321	-4170	2943	-1.42908	-3900	-1100	0	0
9.51	-4180	2920	-1.45927	-4168	2937	-1.45406	-3900	-1100	0	0
9.54	-4170	2910	-1.47393	-4165	2934	-1.47732	-3900	-1100	0	0
9.57	-4150	2910	-1.4776	-4163	2930	-1.48788	-3900	-1100	0	0
9.6	-4140	2910	-1.46084	-4164	2926	-1.48454	-3900	-1100	0	0
9.63	-4140	2910	-1.44583	-4163	2917	-1.48332	-3900	-1100	0	0
9.66	-4130	2910	-1.46171	-4163	2917	-1.48332	-3900	-1100	0	0
9.69	-4140	2900	-1.47969	-4162	2908	-1.49491	-3900	-1100	0	0
9.72	-4140	2900	-1.47882	-4162	2900	-1.50559	-3900	-1100	0	0
9.75	-4140	2890	-1.47533	-4161	2892	-1.51932	-3900	-1100	0	0
9.78	-4150	2880	-1.46416	-4160	2884	-1.53577	-3900	-1100	0	0
9.81	-4160	2870	-1.45211	-4162	2875	-1.52594	-3900	-1100	0	0
9.84	-4180	2860	-1.43623	-4160	2869	-1.52867	-3900	-1100	0	0
9.87	-4190	2850	-1.4282	-4161	2865	-1.53	-3900	-1100	0	0
9.9	-4200	2850	-1.42681	-4161	2865	-1.52657	-3900	-1100	0	0
9.93	-4210	2850	-1.42349	-4159	2857	-1.53395	-3900	-1100	0	0
9.96	-4220	2850	-1.40778	-4159	2847	-1.52205	-3900	-1100	0	0
9.99	-4220	2840	-1.38317	-4161	2841	-1.49802	-3900	-1100	0	0
10.02	-4220	2840	-1.36921	-4160	2836	-1.47931	-3900	-1100	0	0
10.05	-4220	2840	-1.36921	-4160	2827	-1.46143	-3900	-1100	0	0
10.08	-4210	2830	-1.37357	-4160	2818	-1.44596	-3900	-1100	0	0
10.11	-4200	2820	-1.3844	-4159	2812	-1.4407	-3900	-1100	0	0
10.14	-4190	2810	-1.39731	-4159	2812	-1.4407	-3900	-1100	0	0
10.17	-4180	2800	-1.42209	-4159	2803	-1.43777	-3900	-1100	0	0
10.2	-4160	2800	-1.44182	-4158	2805	-1.4419	-3900	-1100	0	0
10.23	-4140	2790	-1.45403	-4157	2803	-1.45342	-3900	-1100	0	0
10.26	-4130	2800	-1.45683	-4156	2801	-1.46826	-3900	-1100	0	0
10.29	-4130	2800	-1.45997	-4156	2793	-1.46981	-3900	-1100	0	0
10.32	-4120	2800	-1.47341	-4155	2784	-1.47707	-3900	-1100	0	0
10.35	-4120	2800	-1.48789	-4155	2773	-1.50216	-3900	-1100	0	0
10.38	-4120	2790	-1.49435	-4154	2766	-1.52179	-3900	-1100	0	0
10.41	-4120	2790	-1.49016	-4153	2758	-1.53855	-3900	-1100	0	0
10.44	-4130	2780	-1.48074	-4154	2750	-1.54778	-3900	-1100	0	0
10.47	-4140	2770	-1.46171	-4153	2741	-1.562	-3900	-1100	0	0
10.5	-4150	2760	-1.44094	-4152	2732	-1.57065	-3900	-1100	0	0
10.53	-4170	2740	-1.41913	-4151	2731	-1.57025	-3900	-1100	0	0
10.56	-4180	2730	-1.4008	-4151	2731	-1.57025	-3900	-1100	0	0
10.59	-4190	2720	-1.38597	-4150	2729	-1.5696	-3900	-1100	0	0
10.62	-4200	2720	-1.37514	-4151	2729	-1.56079	-3900	-1100	0	0
10.65	-4210	2720	-1.36467	-4151	2721	-1.54731	-3900	-1100	0	0
10.68	-4210	2730	-1.35106	-4149	2713	-1.53902	-3900	-1100	0	0
10.71	-4210	2730	-1.34862	-4151	2705	-1.5019	-3900	-1100	0	0
10.74	-4210	2730	-1.34635	-4150	2698	-1.48134	-3900	-1100	0	0
10.77	-4200	2730	-1.35193	-4150	2694	-1.46662	-3900	-1100	0	0
10.8	-4190	2730	-1.36572	-4149	2684	-1.45676	-3900	-1100	0	0
10.83	-4180	2720	-1.38317	-4149	2676	-1.43808	-3900	-1100	0	0
10.86	-4170	2710	-1.39783	-4149	2673	-1.42847	-3900	-1100	0	0
10.89	-4150	2700	-1.4015	-4151	2675	-1.41385	-3900	-1100	0	0
10.92	-4140	2690	-1.40028	-4151	2675	-1.40666	-3900	-1100	0	0
10.95	-4130	2680	-1.41948	-4152	2669	-1.39915	-3900	-1100	0	0
10.98	-4130	2670	-1.44112	-4151	2658	-1.41083	-3900	-1100	0	0
11.01	-4130	2670	-1.46067	-4149	2650	-1.43646	-3900	-1100	0	0
11.04	-4130	2670	-1.46992	-4147	2637	-1.46537	-3900	-1100	0	0
11.07	-4140	2670	-1.47411	-4145	2629	-1.49379	-3900	-1100	0	0
11.1	-4150	2670	-1.46067	-4145	2621	-1.50347	-3900	-1100	0	0
11.13	-4160	2660	-1.44618	-4145	2609	-1.5163	-3900	-1100	0	0
11.16	-4170	2650	-1.43257	-4145	2609	-1.5163	-3900	-1100	0	0
11.19	-4180	2640	-1.42576	-4145	2601	-1.52505	-3900	-1100	0	0
11.22	-4180	2630	-1.43693	-4145	2601	-1.52715	-3900	-1100	0	0
11.25	-4180	2620	-1.42733	-4145	2592	-1.55527	-3900	-1100	0	0
11.28	-4180	2610	-1.41319	-4145	2587	-1.55751	-3900	-1100	0	0
11.31	-4180	2610	-1.39469	-4147	2583	-1.5435	-3900	-1100	0	0
11.34	-4180	2620	-1.38719	-4147	2581	-1.53461	-3900	-1100	0	0
11.37	-4160	2620	-1.38457	-4147	2577	-1.52373	-3900	-1100	0	0
11.4	-4150	2610	-1.38649	-4147	2574	-1.51473	-3900	-1100	0	0
11.43	-4140	2610	-1.39504	-4147	2568	-1.51031	-3900	-1100	0	0
11.46	-4130	2600	-1.40743	-4146	2563	-1.51115	-3900	-1100	0	0
11.49	-4120	2600	-1.40412	-4146	2563	-1.51115	-3900	-1100	0	0
11.52	-4120	2600	-1.40831	-4147	2560	-1.48738	-3900	-1100	0	0
11.55	-4110	2600	-1.42367	-4147	2558	-1.48839	-3900	-1100	0	0
11.58	-4120	2600	-1.43222	-4146	2552	-1.50584	-3900	-1100	0	0
11.61	-4120	2600	-1.43449	-4145	2546	-1.51993	-3900	-1100	0	0
11.64	-4130	2590	-1.43134	-4143	2542	-1.5312	-3900	-1100	0	0
11.67	-4140	2590	-1.4118	-4143	2541	-1.5377	-3900	-1100	0	0
11.7	-4150	2580	-1.39399	-4143	2540	-1.53828	-3900	-1100	0	0
11.73	-4160	2580	-1.38038	-4143	2538	-1.54029	-3900	-1100	0	0
11.76	-4180	2580	-1.37288	-4143	2537	-1.53591	-3900	-1100	0	0
11.79	-4190	2570	-1.36432	-4144	2535	-1.54051	-3900	-1100	0	0
11.82	-4190	2570	-1.35822	-4144	2529	-1.54384	-3900	-1100	0	0
11.85	-4200	2570	-1.33902	-4144	2524	-1.5327	-3900	-1100	0	0
11.88	-4200	2560	-1.31929	-4144	2521	-1.52546	-3900	-1100	0	0
11.91	-4200	2560	-1.31563	-4143	2515	-1.52096	-3900	-1100	0	0
11.94	-4190	2550	-1.32488	-4142	2510	-1.51508	-3900	-1100	0	0
11.97	-4180	2550	-1.33273	-4142	2504	-1.51312	-3900	-1100	0	0
12	-4170	2540	-1.3467	-4143	2500	-1.51163	-3900	-1100	0	0
12.03	-4160	2540	-1.36275	-4144	2498	-1.5083	-3900	-1100	0	0
12.06	-4140	2530	-1.36886	-4144	2498	-1.5083	-3900	-1100	0	0
12.09	-4130	2520	-1.37113	-4143	2500	-1.50588	-3900	-1100	0	0
12.12	-4120	2520	-1.38317	-4144	2498	-1.50597	-3900	-1100	0	0
12.15	-4110	2530	-1.40394	-4143	2492	-1.50856	-3900	-1100	0	0
12.18	-4110	2530	-1.42279	-4143	2485	-1.52498	-3900	-1100	0	0
12.21	-4110	2530	-1.43955	-4143	2478	-1.53982	-3900	-1100	0	0
12.24	-4120	2530	-1.43815	-4142	2465	-1.56846	-3900	-1100	0	0
12.27	-4120	2520	-1.44077	-4142	2458	-1.58396	-3900	-1100	0	0
12.3	-4130	2510	-1.42401	-4142	2454	-1.59737	-3900	-1100	0	0
12.33	-4150	2500	-1.40639	-4143	2446	-1.60214	-3900	-1100	0	0
12.36	-4160	2490	-1.39434	-4143	2446	-1.60214	-3900	-1100	0	0
12.39	-4170	2470	-1.36712	-4143	2445	-1.61279	-3900	-1100	-3796	989
12.42	-4180	2460	-1.35228	-4142	2448	-1.61334	-3900	-1100	-3811	993
12.45	-4190	2460	-1.34565	-4142	2447	-1.6147	-3900	-1100	-3825	996
12.48	-4200	2460	-1.33204	-4142	2440	-1.60139	-3900	-1100	-3838	999
12.51	-4200	2470	-1.31476	-4140	2437	-1.58288	-3900	-1100	-3850	1003
12.54	-4200	2470	-1.31563	-4131	2426	-1.54282	-3900	-1100	-3863	1006
12.57	-4190	2470	-1.32121	-4124	2421	-1.53023	-3900	-1100	-3875	1009
12.6	-4190	2460	-1.34059	-4119	2412	-1.51927	-3900	-1100	-3887	1012
12.63	-4180	2460	-1.34705	-4116	2402	-1.51003	-3900	-1100	-3899	1014
12.66	-4160	2450	-1.35542	-4115	2396	-1.50277	-3900	-1100	-3910	1017
12.69	-4150	2440	-1.37445	-4115	2396	-1.50277	-3900	-1100	-3910	1017
12.72	-4120	2430	-1.40115	-4114	2394	-1.50187	-3900	-1100	-3932	1023
12.75	-4110	2420	-1.41354	-4114	2395	-1.50149	-3900	-1100	-3943	1025
12.78	-4100	2420	-1.42646	-4115	2393	-1.4963	-3900	-1100	-3953	1028
12.81	-4090	2430	-1.44409	-4112	2387	-1.50234	-3900	-1100	-3963	1030
12.84	-4090	2430	-1.46538	-4108	2379	-1.51275	-3900	-1100	-3972	1033
12.87	-4100	2430	-1.4748	-4102	2374	-1.5279	-3900	-1100	-3982	1035
12.9	-4100	2420	-1.47864	-4095	2368	-1.54422	-3900	-1100	-3991	1037
12.93	-4110	2420	-1.4865	-4090	2363	-1.56037	-3900	-1100	-3999	1039
12.96	-4120	2410	-1.48196	-4087	2360	-1.57051	-3900	-1100	-4008	1041
12.99	-4140	2410	-1.46276	-4087	2356	-1.56542	-3900	-1100	-4016	1043
13.02	-4140	2400	-1.44897	-4087	2352	-1.56493	-3900	-1100	-4024	1045
13.05	-4150	2400	-1.45334	-4087	2349	-1.58212	-3900	-1100	-4033	1047
13.08	-4150	2400	-1.45124	-4086	2349	-1.58095	-3900	-1100	-4041	1049
13.11	-4150	2400	-1.42942	-4086	2349	-1.58095	-3900	-1100	-4041	1049
13.14	-4150	2400	-1.41773	-4081	2346	-1.55994	-3900	-1100	-4055	1053
13.17	-4140	2400	-1.42716	-4076	2343	-1.55968	-3900	-1100	-4062	1054
13.2	-4130	2400	-1.44147	-4061	2340	-1.562	-3900	-1100	-4068	1056
13.23	-4120	2390	-1.45386	-4055	2338	-1.56142	-3900	-1100	-4074	1057
13.26	-4110	2390	-1.47533	-4051	2333	-1.55979	-3900	-1100	-4080	1059
13.29	-4090	2390	-1.48562	-4047	2330	-1.56892	-3900	-1100	-4085	1060
13.32	-4060	2380	-1.49435	-4046	2327	-1.57139	-3900	-1100	-4089	1061
13.35	-4050	2380	-1.49103	-4047	2327	-1.56819	-3900	-1100	-4094	1062
13.38	-4030	2380	-1.48981	-4045	2325	-1.56668	-3900	-1100	-4098	1063
13.41	-4030	2380	-1.50046	-4041	2325	-1.56688	-3900	-1100	-4102	1064
13.44	-4020	2380	-1.51163	-4032	2322	-1.57691	-3900	-1100	-4107	1065
13.47	-4030	2380	-1.5125	-4026	2322	-1.57877	-3900	-1100	-4109	1066
13.5	-4030	2380	-1.51285	-4019	2319	-1.58332	-3900	-1100	-4112	1067
13.53	-4040	2380	-1.49313	-4012	2320	-1.58809	-3900	-1100	-4115	1068
13.56	-4060	2380	-1.48336	-4010	2319	-1.59373	-3900	-1100	-4117	1068
13.59	-4070	2380	-1.47515	-4010	2319	-1.59373	-3900	-1100	-4117	1068
13.62	-4080	2380	-1.47358	-4005	2317	-1.5977	-3900	-1100	-4121	1069
13.65	-4080	2380	-1.47009	-4006	2318	-1.59474	-3900	-1100	-4123	1070
13.68	-4080	2380	-1.46503	-4005	2320	-1.59336	-3900	-1100	-4124	1070
13.71	-4080	2380	-1.46573	-4001	2321	-1.59543	-3900	-1100	-4125	1070
13.74	-4070	2380	-1.46677	-3993	2320	-1.59238	-3900	-1100	-4126	1070
13.77	-4070	2380	-1.46695	-3986	2321	-1.58925	-3900	-1100	-4126	1070
13.8	-4060	2380	-1.47358	-3971	2321	-1.59335	-3900	-1100	-4126	1070
13.83	-4040	2380	-1.48213	-3967	2322	-1.59505	-3900	-1100	-4126	1070
13.86	-4030	2380	-1.49941	-3963	2321	-1.5997	-3900	-1100	-4126	1070
13.89	-4010	2380	-1.50709	-3963	2321	-1.5997	-3900	-1100	-4126	1070
13.92	-3990	2380	-1.52926	-3964	2322	-1.60232	-3900	-1100	-4126	1070
13.95	-3970	2380	-1.5399	-3967	2323	-1.60358	-3900	-1100	-4126	1070
13.98	-3970	2380	-1.53083	-3966	2324	-1.60219	-3900	-1100	-4126	1070
14.01	-3960	2380	-1.52751	-3961	2324	-1.59906	-3900	-1100	-4126	1070
14.04	-3970	2380	-1.52978	-3957	2324	-1.60224	-3900	-1100	-4126	1070
14.07	-3970	2380	-1.52629	-3950	2325	-1.60426	-3900	-1100	-4126	1070
14.1	-3980	2390	-1.52245	-3940	2325	-1.60582	-3900	-1100	-4126	1070
14.13	-3990	2390	-1.52105	-3936	2326	-1.61013	-3900	-1100	-4126	1070
14.16	-4010	2390	-1.51844	-3931	2328	-1.61262	-3900	-1100	-4126	1070
14.19	-4010	2390	-1.51285	-3931	2329	-1.61242	-3900	-1100	-4126	1070
14.22	-4020	2390	-1.49959	-3931	2330	-1.60457	-3900	-1100	-4126	1070
14.25	-4020	2390	-1.49435	-3931	2330	-1.60457	-3900	-1100	-4126	1070
14.28	-4020	2390	-1.49453	-3931	2331	-1.60237	-3900	-1100	-4126	1070
14.31	-4020	2390	-1.49086	-3925	2332	-1.60527	-3900	-1100	-4126	1070
14.34	-4010	2390	-1.49261	-3918	2332	-1.60476	-3900	-1100	-4126	1070
14.37	-4000	2390	-1.4954	-3908	2333	-1.608	-3900	-1100	-4126	1070
14.4	-3990	2390	-1.50639	-3904	2334	-1.6062	-3900	-1100	-4126	1070
14.43	-3980	2390	-1.51809	-3899	2335	-1.61075	-3900	-1100	-4126	1070
14.46	-3960	2390	-1.52891	-3899	2335	-1.61134	-3900	-1100	-4126	1070
14.49	-3940	2390	-1.54776	-3902	2336	-1.61306	-3900	-1100	-4126	1070
14.52	-3920	2390	-1.56748	-3903	2337	-1.61404	-3900	-1100	-4126	1070
14.55	-3900	2390	-1.58458	-3903	2337	-1.61404	-3900	-1100	-4126	1070
14.58	-3900	2390	-1.5989	-3901	2338	-1.61925	-3900	-1100	-4126	1070
14.61	-3890	2400	-1.60378	-3901	2339	-1.61887	-3900	-1100	-4126	1070
14.64	-3890	2400	-1.60134	-3896	2340	-1.62199	-3900	-1100	-4126	1070
14.67	-3900	2400	-1.59261	-3887	2341	-1.62418	-3900	-1100	-4126	1070
14.7	-3910	2400	-1.58371	-3879	2341	-1.6284	-3900	-1100	-4126	1070
14.73	-3920	2400	-1.57289	-3868	2341	-1.63514	-3900	-1100	-4126	1070
14.76	-3930	2400	-1.56259	-3869	2343	-1.6373	-3900	-1100	-4126	1070
14.79	-3940	2410	-1.55247	-3873	2344	-1.63444	-3900	-1100	-4126	1070
14.82	-3950	2410	-1.54008	-3875	2345	-1.626	-3900	-1100	-4126	1070
14.85	-3950	2410	-1.53711	-3875	2345	-1.626	-3900	-1100	-4126	1070
14.88	-3950	2410	-1.5406	-3873	2347	-1.62437	-3900	-1100	-4126	1070
14.91	-3940	2410	-1.54182	-3866	2347	-1.62634	-3900	-1100	-4126	1070
14.94	-3940	2410	-1.54723	-3859	2347	-1.62566	-3900	-1100	-4126	1070
14.97	-3930	2410	-1.55509	-3849	2348	-1.62846	-3900	-1100	-4126	1070
15	-3920	2410	-1.56347	-3844	2348	-1.62973	-3900	-1100	-4126	1070
15.03	-3910	2410	-1.57307	-3836	2348	-1.63384	-3900	-1100	-4126	1070
15.06	-3890	2410	-1.59034	-3835	2350	-1.6358	-3900	-1100	-4126	1070
15.09	-3870	2410	-1.61164	-3833	2351	-1.63925	-3900	-1100	-4126	1070
15.12	-3850	2410	-1.6256	-3834	2351	-1.63952	-3900	-1100	-4126	1070
15.15	-3840	2400	-1.63433	-3831	2352	-1.64554	-3900	-1100	-4126	1070
15.18	-3830	2410	-1.63276	-3829	2352	-1.6476	-3900	-1100	-4126	1070
15.21	-3830	2410	-1.62857	-3822	2352	-1.65043	-3900	-1100	-4126	1070
15.24	-3840	2410	-1.64078	-3816	2352	-1.65293	-3900	-1100	-4126	1070
15.27	-3850	2410	-1.63607	-3816	2352	-1.65293	-3900	-1100	-4126	1070
15.3	-3860	2410	-1.6263	-3808	2353	-1.65786	-3900	-1100	-4126	1070
15.33	-3870	2420	-1.61722	-3804	2354	-1.66184	-3900	-1100	-4126	1070
15.36	-3880	2420	-1.61111	-3800	2355	-1.66592	-3900	-1100	-4126	1070
15.39	-3880	2420	-1.60692	-3800	2355	-1.66942	-3900	-1100	-4126	1070
15.42	-3880	2420	-1.60396	-3800	2357	-1.66012	-3900	-1100	-4126	1070
15.45	-3880	2420	-1.60221	-3802	2357	-1.65468	-3900	-1100	-4126	1070
15.48	-3880	2420	-1.61234	-3798	2358	-1.65859	-3900	-1100	-4126	1070
15.51	-3870	2420	-1.61583	-3793	2359	-1.66079	-3900	-1100	-4126	1070
15.54	-3860	2420	-1.61757	-3781	2360	-1.66196	-3900	-1100	-4126	1070
15.57	-3850	2420	-1.62124	-3772	2361	-1.66879	-3900	-1100	-4126	1070
15.6	-3830	2420	-1.62089	-3769	2362	-1.67001	-3900	-1100	-4126	1070
15.63	-3810	2420	-1.63223	-3769	2362	-1.67001	-3900	-1100	-4126	1070
15.66	-3790	2410	-1.6537	-3768	2363	-1.67606	-3900	-1100	-4126	1070
15.69	-3780	2410	-1.66138	-3769	2364	-1.68176	-3900	-1100	-4126	1070
15.72	-3770	2410	-1.65527	-3768	2365	-1.67978	-3900	-1100	-4126	1070
15.75	-3770	2410	-1.65195	-3765	2366	-1.6771	-3900	-1100	-4126	1070
15.78	-3780	2420	-1.65248	-3761	2366	-1.67839	-3900	-1100	-4126	1070
15.81	-3780	2420	-1.64724	-3752	2367	-1.68303	-3900	-1100	-4126	1070
15.84	-3790	2420	-1.64009	-3743	2368	-1.686	-3900	-1100	-4126	1070
15.87	-3810	2420	-1.63049	-3734	2368	-1.69113	-3900	-1100	-4126	1070
15.9	-3820	2430	-1.62368	-3731	2369	-1.69545	-3900	-1100	-4126	1070
15.93	-3820	2430	-1.61687	-3730	2370	-1.689	-3900	-1100	-4126	1070
15.96	-3820	2430	-1.61321	-3730	2371	-1.68251	-3900	-1100	-4126	1070
15.99	-3820	2430	-1.61949	-3729	2371	-1.68467	-3900	-1100	-4126	1070
16.02	-3820	2430	-1.62438	-3729	2371	-1.68467	-3900	-1100	-4126	1070
16.05	-3820	2430	-1.63241	-3722	2372	-1.68739	-3900	-1100	-4126	1070
16.08	-3810	2430	-1.6331	-3711	2373	-1.68597	-3900	-1100	-4126	1070
16.11	-3800	2430	-1.63502	-3702	2374	-1.68467	-3900	-1100	-4126	1070
16.14	-3790	2430	-1.64497	-3696	2375	-1.68778	-3900	-1100	-4126	1070
16.17	-3770	2430	-1.65352	-3696	2376	-1.69073	-3900	-1100	-4126	1070
16.2	-3750	2430	-1.6612	-3691	2378	-1.69258	-3900	-1100	-4126	1070
16.23	-3730	2430	-1.67534	-3689	2378	-1.69679	-3900	-1100	-4126	1070
16.26	-3720	2430	-1.68634	-3688	2379	-1.70431	-3900	-1100	-4126	1070
16.29	-3720	2430	-1.68477	-3685	2380	-1.70817	-3900	-1100	-4126	1070
16.32	-3710	2430	-1.68197	-3677	2381	-1.708	-3900	-1100	-4126	1070
16.35	-3720	2430	-1.67744	-3669	2381	-1.71157	-3900	-1100	-4126	1070
16.38	-3730	2430	-1.67377	-3663	2382	-1.71103	-3900	-1100	-4126	1070
16.41	-3740	2430	-1.66452	-3654	2382	-1.71624	-3900	-1100	-4126	1070
16.44	-3750	2440	-1.66033	-3654	2382	-1.71624	-3900	-1100	-4126	1070
16.47	-3760	2440	-1.65632	-3650	2383	-1.71924	-3900	-1100	-4126	1070
16.5	-3760	2440	-1.65021	-3653	2384	-1.71511	-3900	-1100	-4126	1070
16.53	-3770	2440	-1.65178	-3655	2385	-1.70588	-3900	-1100	-4126	1070
16.56	-3770	2440	-1.65719	-3658	2386	-1.70545	-3900	-1100	-4126	1070
16.59	-3760	2440	-1.65894	-3658	2389	-1.70671	-3900	-1100	-4126	1070
16.62	-3760	2440	-1.66295	-3654	2389	-1.71022	-3900	-1100	-4126	1070
16.65	-3750	2440	-1.6708	-3647	2389	-1.70941	-3900	-1100	-4126	1070
16.68	-3740	2440	-1.67796	-3642	2390	-1.71046	-3900	-1100	-4126	1070
16.71	-3720	2440	-1.68389	-3641	2391	-1.71479	-3900	-1100	-4126	1070
16.74	-3710	2440	-1.69367	-3640	2392	-1.71522	-3900	-1100	-4126	1070
16.77	-3680	2440	-1.70152	-3640	2394	-1.71862	-3900	-1100	-4126	1070
16.8	-3670	2430	-1.71339	-3639	2393	-1.72106	-3900	-1100	-4126	1070
16.83	-3660	2430	-1.72142	-3633	2393	-1.72483	-3900	-1100	-4126	1070
16.86	-3650	2430	-1.72735	-3633	2393	-1.72483	-3900	-1100	-4126	1070
16.89	-3650	2430	-1.72613	-3628	2394	-1.72408	-3900	-1100	-4126	1070
16.92	-3650	2440	-1.72369	-3624	2394	-1.72492	-3900	-1100	-4126	1070
16.95	-3660	2440	-1.72561	-3622	2396	-1.72445	-3900	-1100	-4126	1070
16.98	-3670	2440	-1.72142	-3615	2396	-1.72826	-3900	-1100	-4126	1070
17.01	-3680	2450	-1.71322	-3608	2396	-1.73318	-3900	-1100	-4126	1070
17.04	-3690	2450	-1.70239	-3609	2398	-1.73561	-3900	-1100	-4126	1070
17.07	-3700	2450	-1.68669	-3611	2400	-1.73282	-3900	-1100	-4126	1070
17.1	-3700	2450	-1.67621	-3614	2401	-1.72226	-3900	-1100	-4126	1070
17.13	-3700	2450	-1.67691	-3616	2404	-1.7209	-3900	-1100	-4126	1070
17.16	-3700	2450	-1.68791	-3612	2405	-1.72349	-3900	-1100	-4126	1070
17.19	-3700	2450	-1.69768	-3604	2404	-1.72321	-3900	-1100	-4126	1070
17.22	-3690	2450	-1.7106	-3600	2406	-1.72337	-3900	-1100	-4126	1070
17.25	-3680	2450	-1.71199	-3597	2406	-1.72322	-3900	-1100	-4126	1070
17.28	-3670	2450	-1.72107	-3597	2406	-1.72322	-3900	-1100	-4126	1070
17.31	-3650	2450	-1.7394	-3593	2407	-1.72519	-3900	-1100	-4126	1070
17.34	-3630	2450	-1.75859	-3593	2408	-1.7255	-3900	-1100	-4126	1070
17.37	-3610	2450	-1.78093	-3592	2409	-1.72617	-3900	-1100	-4126	1070
17.4	-3600	2450	-1.79699	-3592	2410	-1.73038	-3900	-1100	-4126	1070
17.43	-3590	2450	-1.80397	-3590	2410	-1.73507	-3900	-1100	-4126	1070
17.46	-3580	2450	-1.80764	-3589	2412	-1.73312	-3900	-1100	-4126	1070
17.49	-3580	2450	-1.80484	-3586	2413	-1.73327	-3900	-1100	-4126	1070
17.52	-3580	2450	-1.8024	-3581	2413	-1.73536	-3900	-1100	-4126	1070
17.55	-3590	2450	-1.79926	-3572	2413	-1.73817	-3900	-1100	-4126	1070
17.58	-3600	2460	-1.78582	-3561	2413	-1.74562	-3900	-1100	-4126	1070
17.61	-3610	2460	-1.77465	-3557	2414	-1.74819	-3900	-1100	-4126	1070
17.64	-3620	2460	-1.76558	-3556	2415	-1.75227	-3900	-1100	-4126	1070
17.67	-3620	2470	-1.74934	-3561	2416	-1.74354	-3900	-1100	-4126	1070
17.7	-3630	2470	-1.75196	-3563	2417	-1.73778	-3900	-1100	-4126	1070
17.73	-3620	2470	-1.75947	-3563	2417	-1.73778	-3900	-1100	-4126	1070
17.76	-3620	2470	-1.76523	-3563	2418	-1.73846	-3900	-1100	-4126	1070
17.79	-3610	2470	-1.7736	-3563	2418	-1.73937	-3900	-1100	-4126	1070
17.82	-3600	2470	-1.78373	-3556	2417	-1.7431	-3900	-1100	-4126	1070
17.85	-3590	2460	-1.78984	-3553	2418	-1.7497	-3900	-1100	-4126	1070
17.88	-3580	2460	-1.79647	-3552	2418	-1.75062	-3900	-1100	-4126	1070
17.91	-3560	2460	-1.80397	-3554	2420	-1.75469	-3900	-1100	-4126	1070
17.94	-3550	2460	-1.81008	-3554	2420	-1.75791	-3900	-1100	-4126	1070
17.97	-3540	2450	-1.81026	-3550	2419	-1.7667	-3900	-1100	-4126	1070
18	-3530	2450	-1.81287	-3549	2418	-1.7689	-3900	-1100	-4126	1070
18.03	-3530	2450	-1.78076	-3548	2418	-1.77315	-3900	-1100	-4126	1070
18.06	-3530	2450	-1.78198	-3547	2417	-1.77476	-3900	-1100	-4126	1070
18.09	-3540	2450	-1.77168	-3543	2416	-1.7786	-3900	-1100	-4126	1070
18.12	-3540	2450	-1.76348	-3543	2416	-1.7786	-3900	-1100	-4126	1070
18.15	-3550	2460	-1.75458	-3542	2415	-1.77997	-3900	-1100	-4126	1070
18.18	-3570	2460	-1.74463	-3543	2416	-1.78151	-3900	-1100	-4126	1070
18.21	-3580	2460	-1.73346	-3542	2415	-1.78339	-3900	-1100	-4126	1070
18.24	-3590	2460	-1.72613	-3541	2415	-1.78152	-3900	-1100	-4126	1070
18.27	-3590	2460	-1.72404	-3543	2415	-1.77863	-3900	-1100	-4126	1070
18.3	-3590	2460	-1.72613	-3545	2416	-1.77499	-3900	-1100	-4126	1070
18.33	-3590	2460	-1.73119	-3545	2415	-1.77139	-3900	-1100	-4126	1070
18.36	-3590	2460	-1.738	-3547	2415	-1.76849	-3900	-1100	-4126	1070
18.39	-3580	2460	-1.74603	-3550	2416	-1.76617	-3900	-1100	-4126	1070
18.42	-3570	2460	-1.74638	-3551	2416	-1.76474	-3900	-1100	-4126	1070
18.45	-3560	2460	-1.76697	-3551	2416	-1.76474	-3900	-1100	-4126	1070
18.48	-3550	2450	-1.79123	-3552	2416	-1.765	-3900	-1100	-4126	1070
18.51	-3540	2450	-1.82823	-3553	2417	-1.76507	-3900	-1100	-4126	1070
18.54	-3540	2450	-1.85529	-3552	2416	-1.76688	-3900	-1100	-4126	1070
18.57	-3540	2450	-1.86454	-3550	2416	-1.77009	-3900	-1100	-4126	1070
18.6	-3540	2450	-1.86646	-3551	2416	-1.77371	-3900	-1100	-4126	1070
18.63	-3550	2460	-1.8668	-3552	2416	-1.77696	-3900	-1100	-4126	1070
18.66	-3560	2460	-1.86419	-3551	2415	-1.78454	-3900	-1100	-4126	1070
18.69	-3570	2460	-1.86035	-3552	2415	-1.78802	-3900	-1100	-4126	1070
18.72	-3580	2460	-1.85197	-3552	2415	-1.79162	-3900	-1100	-4126	1070
18.75	-3600	2470	-1.84115	-3551	2415	-1.79309	-3900	-1100	-4126	1070
18.78	-3600	2470	-1.82928	-3551	2415	-1.79309	-3900	-1100	-4126	1070
18.81	-3610	2470	-1.83068	-3552	2414	-1.7869	-3900	-1100	-4126	1070
18.84	-3610	2470	-1.83486	-3555	2415	-1.79192	-3900	-1100	-4126	1070
18.87	-3610	2470	-1.82631	-3556	2416	-1.79494	-3900	-1100	-4126	1070
18.9	-3610	2470	-1.81985	-3557	2416	-1.79328	-3900	-1100	-4126	1070
18.93	-3600	2470	-1.81759	-3558	2416	-1.79154	-3900	-1100	-4126	1070
18.96	-3590	2460	-1.81636	-3559	2416	-1.78924	-3900	-1100	-4126	1070
18.99	-3580	2460	-1.82212	-3560	2416	-1.78673	-3900	-1100	-4126	1070
19.02	-3570	2460	-1.83294	-3560	2417	-1.78658	-3900	-1100	-4126	1070
19.05	-3560	2460	-1.8387	-3560	2417	-1.78771	-3900	-1100	-4126	1070
19.08	-3550	2460	-1.83539	-3562	2417	-1.78825	-3900	-1100	-4126	1070
19.11	-3550	2460	-1.82788	-3562	2417	-1.79072	-3900	-1100	-4126	1070
19.14	-3550	2460	-1.82125	-3563	2417	-1.79341	-3900	-1100	-4126	1070
19.17	-3560	2460	-1.81287	-3563	2417	-1.79341	-3900	-1100	-4126	1070
19.2	-3570	2460	-1.80694	-3564	2417	-1.7941	-3900	-1100	-4126	1070
19.23	-3580	2460	-1.79682	-3567	2417	-1.79364	-3900	-1100	-4126	1070
19.26	-3590	2460	-1.78652	-3568	2418	-1.79236	-3900	-1100	-4126	1070
19.29	-3600	2470	-1.7764	-3569	2418	-1.79186	-3900	-1100	-4126	1070
19.32	-3600	2470	-1.76941	-3567	2418	-1.79133	-3900	-1100	-4126	1070
19.35	-3600	2470	-1.76819	-3567	2419	-1.78845	-3900	-1100	-4126	1070
19.38	-3600	2470	-1.76697	-3564	2419	-1.78955	-3900	-1100	-4126	1070
19.41	-3600	2470	-1.76226	-3558	2419	-1.78823	-3900	-1100	-4126	1070
19.44	-3590	2470	-1.75894	-3552	2419	-1.78657	-3900	-1100	-4126	1070
19.47	-3590	2470	-1.76558	-3544	2418	-1.7859	-3900	-1100	-4126	1070
19.5	-3570	2470	-1.78373	-3542	2419	-1.7836	-3900	-1100	-4126	1070
19.53	-3560	2460	-1.7825	-3542	2421	-1.78222	-3900	-1100	-4126	1070
19.56	-3540	2460	-1.78931	-3542	2421	-1.78154	-3900	-1100	-4126	1070
19.59	-3530	2460	-1.80554	-3510	2422	-1.78731	-3900	-1100	-4126	1070
19.62	-3520	2460	-1.79874	-3510	2422	-1.78731	-3900	-1100	-4126	1070
19.65	-3520	2460	-1.79437	-3511	2422	-1.78076	-3900	-1100	-4126	1070
19.68	-3510	2470	-1.81933	-3510	2422	-1.7768	-3900	-1100	-4126	1070
19.71	-3510	2470	-1.83312	-3511	2422	-1.80016	-3900	-1100	-4126	1070
19.74	-3520	2470	-1.82561	-3512	2422	-1.81407	-3900	-1100	-4126	1070
19.77	-3520	2470	-1.81828	-3513	2422	-1.82341	-3900	-1100	-4126	1070
19.8	-3520	2470	-1.81008	-3512	2421	-1.83508	-3900	-1100	-4126	1070
19.83	-3530	2470	-1.80066	-3511	2421	-1.84513	-3900	-1100	-4126	1070
19.86	-3530	2470	-1.79577	-3513	2421	-1.83959	-3900	-1100	-4126	1070
19.89	-3530	2470	-1.78931	-3509	2420	-1.84249	-3900	-1100	-4126	1070
19.92	-3520	2470	-1.78966	-3511	2421	-1.84025	-3900	-1100	-4126	1070
19.95	-3510	2470	-1.82265	-3508	2421	-1.83811	-3900	-1100	-4126	1070
19.98	-3510	2470	-1.83836	-3508	2421	-1.83811	-3900	-1100	-4126	1070
20.01	-3500	2460	-1.81741	-3509	2421	-1.83651	-3900	-1100	-4126	1070
20.04	-3490	2460	-1.81252	-3506	2421	-1.8355	-3900	-1100	-4126	1070
20.07	-3480	2460	-1.82265	-3507	2420	-1.83409	-3900	-1100	-4126	1070
20.1	-3470	2460	-1.85267	-3508	2420	-1.83365	-3900	-1100	-4126	1070
20.13	-3470	2460	-1.87117	-3509	2421	-1.83757	-3900	-1100	-3922	953
20.16	-3470	2460	-1.87099	-3508	2420	-1.83965	-3900	-1100	-3921	954
20.19	-3470	2460	-1.86139	-3509	2421	-1.84119	-3900	-1100	-3921	954
20.22	-3470	2460	-1.85441	-3507	2420	-1.84234	-3900	-1100	-3921	954
20.25	-3480	2460	-1.84778	-3507	2420	-1.84148	-3900	-1100	-3921	954
20.28	-3490	2460	-1.83993	-3506	2419	-1.83907	-3900	-1100	-3921	954
20.31	-3500	2470	-1.8319	-3505	2418	-1.83877	-3900	-1100	-3921	954
20.34	-3520	2470	-1.82125	-3507	2419	-1.83645	-3900	-1100	-3921	954
20.37	-3530	2470	-1.81043	-3507	2419	-1.83645	-3900	-1100	-3921	954
20.4	-3540	2480	-1.80519	-3510	2420	-1.83276	-3900	-1100	-3921	954
20.43	-3550	2480	-1.80135	-3507	2419	-1.8317	-3900	-1100	-3921	954
20.46	-3550	2480	-1.80083	-3505	2418	-1.82989	-3900	-1100	-3921	954
20.49	-3550	2480	-1.80223	-3498	2416	-1.82624	-3900	-1100	-3921	954
20.52	-3540	2480	-1.80694	-3490	2415	-1.82648	-3900	-1100	-3921	954
20.55	-3540	2480	-1.82038	-3486	2414	-1.82496	-3900	-1100	-3921	954
20.58	-3530	2470	-1.83329	-3484	2414	-1.82358	-3900	-1100	-3921	954
20.61	-3520	2470	-1.84813	-3482	2413	-1.82638	-3900	-1100	-3921	954
20.64	-3500	2470	-1.86698	-3486	2414	-1.82396	-3900	-1100	-3921	954
20.67	-3490	2460	-1.87239	-3485	2413	-1.82505	-3900	-1100	-3921	954
20.7	-3480	2460	-1.87117	-3485	2413	-1.82505	-3900	-1100	-3921	954
20.73	-3470	2460	-1.86209	-3465	2408	-1.82861	-3900	-1100	-3921	954
20.76	-3470	2460	-1.8682	-3465	2408	-1.82861	-3900	-1100	-3921	954
20.79	-3470	2460	-1.87413	-3464	2408	-1.8347	-3900	-1100	-3921	954
20.82	-3470	2460	-1.87571	-3468	2409	-1.83472	-3900	-1100	-3921	954
20.85	-3470	2460	-1.87274	-3470	2410	-1.8339	-3900	-1100	-3921	954
20.88	-3470	2460	-1.85912	-3469	2410	-1.83454	-3900	-1100	-3921	954
20.91	-3470	2460	-1.85424	-3471	2410	-1.83233	-3900	-1100	-3921	954
20.94	-3480	2460	-1.85441	-3474	2411	-1.83096	-3900	-1100	-3921	954
20.97	-3470	2460	-1.85633	-3475	2411	-1.8292	-3900	-1100	-3921	954
21	-3470	2460	-1.86419	-3476	2410	-1.82644	-3900	-1100	-3921	954
21.03	-3460	2460	-1.8682	-3470	2409	-1.82586	-3900	-1100	-3921	954
21.06	-3460	2460	-1.88286	-3466	2408	-1.82571	-3900	-1100	-3921	954
21.09	-3450	2460	-1.8881	-3455	2405	-1.82634	-3900	-1100	-3921	954
21.12	-3450	2450	-1.88757	-3445	2402	-1.82811	-3900	-1100	-3921	954
21.15	-3440	2450	-1.8881	-3445	2402	-1.82811	-3900	-1100	-3921	954
21.18	-3430	2450	-1.89525	-3435	2400	-1.83032	-3900	-1100	-3921	954
21.21	-3420	2450	-1.90625	-3431	2399	-1.83141	-3900	-1100	-3921	954
21.24	-3410	2440	-1.92196	-3429	2399	-1.83401	-3900	-1100	-3921	954
21.27	-3400	2440	-1.92807	-3432	2400	-1.8373	-3900	-1100	-3921	954
21.3	-3400	2440	-1.92894	-3435	2401	-1.83643	-3900	-1100	-3921	954
21.33	-3400	2440	-1.92807	-3433	2400	-1.83921	-3900	-1100	-3921	954
21.36	-3410	2440	-1.91812	-3426	2399	-1.8449	-3900	-1100	-3921	954
21.39	-3420	2450	-1.90311	-3418	2396	-1.84968	-3900	-1100	-3921	954
21.42	-3440	2450	-1.89211	-3408	2393	-1.85684	-3900	-1100	-3921	954
21.45	-3450	2460	-1.89002	-3399	2390	-1.86527	-3900	-1100	-3921	954
21.48	-3460	2460	-1.88583	-3399	2390	-1.86812	-3900	-1100	-3921	954
21.51	-3460	2470	-1.87955	-3400	2391	-1.85913	-3900	-1100	-3921	954
21.54	-3460	2470	-1.87274	-3397	2390	-1.86081	-3900	-1100	-3921	954
21.57	-3470	2470	-1.87588	-3394	2389	-1.86096	-3900	-1100	-3921	954
21.6	-3460	2470	-1.88565	-3394	2389	-1.86096	-3900	-1100	-3921	954
21.63	-3460	2460	-1.89246	-3384	2386	-1.86664	-3900	-1100	-3921	954
21.66	-3460	2460	-1.90799	-3373	2383	-1.87811	-3900	-1100	-3921	954
21.69	-3450	2460	-1.91969	-3368	2381	-1.88694	-3900	-1100	-3921	954
21.72	-3440	2450	-1.92841	-3365	2380	-1.8947	-3900	-1100	-3921	954
21.75	-3420	2450	-1.93766	-3368	2380	-1.90148	-3900	-1100	-3921	954
21.78	-3400	2440	-1.95041	-3368	2381	-1.9047	-3900	-1100	-3921	954
21.81	-3380	2430	-1.97013	-3367	2381	-1.90567	-3900	-1100	-3921	954
21.84	-3360	2430	-1.97973	-3365	2381	-1.90664	-3900	-1100	-3921	954
21.87	-3350	2420	-1.98426	-3362	2380	-1.91064	-3900	-1100	-3921	954
21.9	-3350	2420	-1.98985	-3362	2380	-1.91064	-3900	-1100	-3921	954
21.93	-3350	2420	-1.99142	-3360	2380	-1.91068	-3900	-1100	-3921	954
21.96	-3350	2420	-1.98915	-3345	2375	-1.92137	-3900	-1100	-3921	954
21.99	-3360	2430	-1.98566	-3345	2375	-1.92137	-3900	-1100	-3921	954
22.02	-3370	2430	-1.97362	-3330	2370	-1.93362	-3900	-1100	-3921	954
22.05	-3380	2440	-1.95634	-3324	2368	-1.93958	-3900	-1100	-3921	954
22.08	-3390	2440	-1.95128	-3321	2366	-1.94721	-3900	-1100	-3921	954
22.11	-3390	2440	-1.94499	-3323	2367	-1.9499	-3900	-1100	-3921	954
22.14	-3390	2440	-1.93679	-3322	2367	-1.94819	-3900	-1100	-3921	954
22.17	-3390	2440	-1.92684	-3325	2369	-1.9453	-3900	-1100	-3921	954
22.2	-3390	2440	-1.92265	-3318	2366	-1.94552	-3900	-1100	-3921	954
22.23	-3380	2440	-1.92684	-3308	2363	-1.94851	-3900	-1100	-3921	954
22.26	-3370	2440	-1.92684	-3298	2359	-1.95219	-3900	-1100	-3921	954
22.29	-3360	2430	-1.92999	-3292	2358	-1.9561	-3900	-1100	-3921	954
22.32	-3350	2430	-1.93121	-3292	2358	-1.9561	-3900	-1100	-3921	954
22.35	-3330	2420	-1.94709	-3293	2358	-1.95939	-3900	-1100	-3921	954
22.38	-3310	2410	-1.95878	-3292	2359	-1.96554	-3900	-1100	-3921	954
22.41	-3300	2400	-1.96594	-3292	2359	-1.97402	-3900	-1100	-3921	954
22.44	-3290	2400	-1.97414	-3294	2361	-1.9743	-3900	-1100	-3921	954
22.47	-3280	2400	-1.9696	-3290	2360	-1.97301	-3900	-1100	-3921	954
22.5	-3280	2400	-1.96995	-3289	2360	-1.97475	-3900	-1100	-3921	954
22.53	-3290	2400	-1.96035	-3285	2359	-1.97865	-3900	-1100	-3921	954
22.56	-3290	2410	-1.94726	-3276	2356	-1.98087	-3900	-1100	-3921	954
22.59	-3300	2410	-1.93836	-3272	2355	-1.98904	-3900	-1100	-3921	954
22.62	-3320	2420	-1.92213	-3271	2355	-1.99181	-3900	-1100	-3921	954
22.65	-3320	2430	-1.90538	-3271	2355	-2.00118	-3900	-1100	-3921	954
22.68	-3330	2430	-1.90206	-3272	2356	-1.991	-3900	-1100	-3921	954
22.71	-3330	2430	-1.88984	-3272	2356	-1.991	-3900	-1100	-3921	954
22.74	-3330	2430	-1.90293	-3271	2356	-1.98823	-3900	-1100	-3921	954
22.77	-3320	2430	-1.90922	-3264	2354	-1.98852	-3900	-1100	-3921	954
22.8	-3320	2430	-1.92021	-3257	2352	-1.98863	-3900	-1100	-3921	954
22.83	-3310	2420	-1.93557	-3244	2347	-1.99531	-3900	-1100	-3921	954
22.86	-3300	2420	-1.95494	-3232	2343	-1.99967	-3900	-1100	-3921	954
22.89	-3290	2410	-1.97624	-3229	2343	-2.00311	-3900	-1100	-3921	954
22.92	-3270	2410	-1.99962	-3228	2343	-2.00513	-3900	-1100	-3921	954
22.95	-3250	2400	-2.00661	-3230	2344	-2.00715	-3900	-1100	-3921	954
22.98	-3230	2390	-2.01271	-3229	2344	-2.0092	-3900	-1100	-3921	954
23.01	-3220	2390	-2.01795	-3229	2345	-2.01127	-3900	-1100	-3921	954
23.04	-3220	2380	-2.01812	-3225	2344	-2.01319	-3900	-1100	-3921	954
23.07	-3220	2390	-2.0197	-3225	2344	-2.01319	-3900	-1100	-3921	954
23.1	-3220	2390	-2.00643	-3221	2343	-2.01637	-3900	-1100	-3921	954
23.13	-3230	2390	-1.98776	-3210	2339	-2.02119	-3900	-1100	-3921	954
23.16	-3240	2400	-1.98549	-3206	2338	-2.02318	-3900	-1100	-3921	954
23.19	-3250	2410	-1.9895	-3198	2336	-2.02929	-3900	-1100	-3921	954
23.22	-3260	2410	-1.98706	-3197	2336	-2.03549	-3900	-1100	-3921	954
23.25	-3260	2410	-1.98165	-3199	2337	-2.03317	-3900	-1100	-3921	954
23.28	-3260	2410	-1.97519	-3199	2338	-2.0194	-3900	-1100	-3921	954
23.31	-3260	2420	-1.97467	-3199	2339	-2.01891	-3900	-1100	-3921	954
23.34	-3260	2420	-1.97519	-3195	2338	-2.02103	-3900	-1100	-3921	954
23.37	-3260	2420	-1.97851	-3190	2336	-2.02115	-3900	-1100	-3921	954
23.4	-3250	2410	-1.9806	-3182	2333	-2.02534	-3900	-1100	-3921	954
23.43	-3250	2410	-1.98409	-3174	2330	-2.02791	-3900	-1100	-3921	954
23.46	-3230	2410	-1.99491	-3172	2330	-2.02996	-3900	-1100	-3921	954
23.49	-3220	2400	-2.0073	-3173	2332	-2.03012	-3900	-1100	-3921	954
23.52	-3200	2390	-2.01428	-3174	2333	-2.03364	-3900	-1100	-3921	954
23.55	-3180	2380	-2.02406	-3176	2334	-2.03544	-3900	-1100	-3921	954
23.58	-3170	2380	-2.03994	-3177	2336	-2.03671	-3900	-1100	-3921	954
23.61	-3160	2370	-2.04116	-3172	2335	-2.04139	-3900	-1100	-3921	954
23.64	-3160	2370	-2.02353	-3171	2335	-2.04236	-3900	-1100	-3921	954
23.67	-3160	2380	-2.01446	-3166	2334	-2.04423	-3900	-1100	-3921	954
23.7	-3170	2380	-2.01533	-3158	2331	-2.04811	-3900	-1100	-3921	954
23.73	-3180	2390	-2.01673	-3152	2329	-2.05053	-3900	-1100	-3921	954
23.76	-3190	2390	-2.01743	-3145	2327	-2.05362	-3900	-1100	-3921	954
23.79	-3200	2400	-2.01027	-3137	2323	-2.0608	-3900	-1100	-3921	954
23.82	-3200	2400	-1.98968	-3138	2324	-2.05627	-3900	-1100	-3921	954
23.85	-3200	2400	-1.98444	-3141	2327	-2.04441	-3900	-1100	-3921	954
23.88	-3200	2400	-1.99666	-3140	2327	-2.04321	-3900	-1100	-3921	954
23.91	-3200	2400	-2.01341	-3136	2326	-2.04661	-3900	-1100	-3921	954
23.94	-3190	2400	-2.0286	-3129	2323	-2.05217	-3900	-1100	-3921	954
23.97	-3190	2400	-2.03924	-3129	2323	-2.05217	-3900	-1100	-3921	954
24	-3180	2390	-2.05513	-3119	2319	-2.05192	-3900	-1100	-3921	954
24.03	-3170	2390	-2.07956	-3115	2318	-2.05405	-3900	-1100	-3921	954
24.06	-3150	2380	-2.09806	-3115	2318	-2.05405	-3900	-1100	-3921	954
24.09	-3130	2370	-2.11359	-3114	2320	-2.05414	-3900	-1100	-3921	954
24.12	-3120	2360	-2.13524	-3114	2320	-2.05466	-3900	-1100	-3921	954
24.15	-3110	2360	-2.14588	-3115	2321	-2.06154	-3900	-1100	-3921	954
24.18	-3100	2360	-2.1389	-3110	2320	-2.06724	-3900	-1100	-3921	954
24.21	-3100	2360	-2.13419	-3109	2320	-2.0682	-3900	-1100	-3921	954
24.24	-3100	2360	-2.13262	-3100	2317	-2.07519	-3900	-1100	-3921	954
24.27	-3110	2370	-2.12738	-3091	2313	-2.08055	-3900	-1100	-3921	954
24.3	-3120	2380	-2.11796	-3084	2311	-2.08733	-3900	-1100	-3921	954
24.33	-3130	2390	-2.11185	-3079	2309	-2.09589	-3900	-1100	-3921	954
24.36	-3140	2390	-2.10696	-3079	2309	-2.09589	-3900	-1100	-3921	954
24.39	-3140	2390	-2.09701	-3079	2310	-2.09483	-3900	-1100	-3921	954
24.42	-3140	2400	-2.08986	-3078	2310	-2.09085	-3900	-1100	-3921	954
24.45	-3140	2390	-2.09021	-3076	2310	-2.08872	-3900	-1100	-3921	954
24.48	-3140	2390	-2.10539	-3074	2310	-2.08874	-3900	-1100	-3921	954
24.51	-3140	2390	-2.11324	-3066	2307	-2.09947	-3900	-1100	-3921	954
24.54	-3130	2390	-2.11255	-3059	2304	-2.10616	-3900	-1100	-3921	954
24.57	-3120	2380	-2.10644	-3054	2302	-2.11406	-3900	-1100	-3921	954
24.6	-3110	2380	-2.11447	-3051	2302	-2.12439	-3900	-1100	-3921	954
24.63	-3090	2370	-2.11429	-3049	2302	-2.13074	-3900	-1100	-3921	954
24.66	-3070	2360	-2.10504	-3051	2303	-2.13268	-3900	-1100	-3921	954
24.69	-3060	2350	-2.1122	-3050	2303	-2.13258	-3900	-1100	-3921	954
24.72	-3050	2340	-2.12546	-3050	2305	-2.13504	-3900	-1100	-3921	954
24.75	-3040	2340	-2.11796	-3050	2305	-2.13504	-3900	-1100	-3921	954
24.78	-3040	2340	-2.10347	-3046	2304	-2.13578	-3900	-1100	-3921	954
24.81	-3040	2340	-2.10644	-3037	2300	-2.13718	-3900	-1100	-3921	954
24.84	-3040	2340	-2.10731	-3034	2300	-2.13573	-3900	-1100	-3921	954
24.87	-3050	2350	-2.09003	-3026	2296	-2.1363	-3900	-1100	-3921	954
24.9	-3060	2360	-2.08026	-3015	2291	-2.1413	-3900	-1100	-3921	954
24.93	-3070	2360	-2.06891	-3011	2291	-2.14422	-3900	-1100	-3921	954
24.96	-3070	2370	-2.04937	-3009	2291	-2.14496	-3900	-1100	-3921	954
24.99	-3080	2370	-2.05129	-3011	2293	-2.13217	-3900	-1100	-3921	954
25.02	-3080	2370	-2.06054	-3009	2293	-2.13246	-3900	-1100	-3921	954
25.05	-3080	2370	-2.08096	-3005	2293	-2.13354	-3900	-1100	-3921	954
25.08	-3070	2370	-2.0745	-2999	2290	-2.13565	-3900	-1100	-3921	954
25.11	-3070	2370	-2.0738	-2989	2286	-2.13829	-3900	-1100	-3921	954
25.14	-3060	2370	-2.09282	-2982	2283	-2.13921	-3900	-1100	-3921	954
25.17	-3050	2360	-2.10591	-2980	2283	-2.13568	-3900	-1100	-3921	954
25.2	-3040	2360	-2.11132	-2976	2282	-2.13547	-3900	-1100	-3921	954
25.23	-3020	2350	-2.12633	-2975	2284	-2.1354	-3900	-1100	-3921	954
25.26	-3000	2340	-2.14292	-2976	2286	-2.13409	-3900	-1100	-3921	954
25.29	-2990	2330	-2.14658	-2976	2286	-2.1365	-3900	-1100	-3921	954
25.32	-2980	2320	-2.13768	-2974	2286	-2.13883	-3900	-1100	-3921	954
25.35	-2970	2320	-2.13646	-2967	2283	-2.13988	-3900	-1100	-3921	954
25.38	-2970	2320	-2.12232	-2966	2284	-2.13818	-3900	-1100	-3921	954
25.41	-2970	2320	-2.10068	-2961	2282	-2.13664	-3900	-1100	-3921	954
25.44	-2980	2330	-2.09981	-2961	2282	-2.13664	-3900	-1100	-3921	954
25.47	-2980	2340	-2.08497	-2949	2277	-2.13858	-3900	-1100	-3921	954
25.5	-2990	2340	-2.08253	-2945	2276	-2.13985	-3900	-1100	-3921	954
25.53	-3000	2350	-2.08532	-2944	2277	-2.13803	-3900	-1100	-3921	954
25.56	-3010	2350	-2.08375	-2942	2278	-2.13951	-3900	-1100	-3921	954
25.59	-3010	2350	-2.08619	-2945	2280	-2.12749	-3900	-1100	-3921	954
25.62	-3010	2360	-2.05984	-2950	2285	-2.122	-3900	-1100	-3921	954
25.65	-3010	2350	-1.99718	-2951	2286	-2.12442	-3900	-1100	-3921	954
25.68	-3000	2350	-1.98863	-2952	2287	-2.12387	-3900	-1100	-3921	954
25.71	-2990	2350	-1.98898	-2955	2289	-2.12375	-3900	-1100	-3921	954
25.74	-2980	2340	-1.9991	-2957	2291	-2.12295	-3900	-1100	-3921	954
25.77	-2970	2340	-2.0176	-2957	2292	-2.1219	-3900	-1100	-3921	954
25.8	-2960	2330	-2.02336	-2957	2292	-2.1219	-3900	-1100	-3921	954
25.83	-2940	2320	-2.03767	-2958	2294	-2.12177	-3900	-1100	-3921	954
25.86	-2940	2320	-2.056	-2959	2295	-2.12421	-3900	-1100	-3921	954
25.89	-2930	2310	-2.06176	-2959	2296	-2.13062	-3900	-1100	-3921	954
25.92	-2930	2310	-2.06699	-2958	2296	-2.13262	-3900	-1100	-3921	954
25.95	-2930	2310	-2.07153	-2958	2297	-2.13539	-3900	-1100	-3921	954
25.98	-2930	2310	-2.06228	-2960	2300	-2.13281	-3900	-1100	-3921	954
26.01	-2930	2320	-2.0546	-2961	2301	-2.13341	-3900	-1100	-3921	954
26.04	-2940	2320	-2.05338	-2959	2301	-2.13651	-3900	-1100	-3921	954
26.07	-2940	2330	-2.05844	-2956	2301	-2.13827	-3900	-1100	-3921	954
26.1	-2950	2340	-2.06909	-2958	2302	-2.1371	-3900	-1100	-3921	954
26.13	-2970	2340	-2.07747	-2957	2302	-2.14097	-3900	-1100	-3921	954
26.16	-2970	2350	-2.06507	-2957	2302	-2.14097	-3900	-1100	-3921	954
26.19	-2980	2350	-2.07153	-2954	2308	-2.13872	-3900	-1100	-3921	954
26.22	-2980	2360	-2.07677	-2956	2310	-2.147	-3900	-1100	-3921	954
26.25	-2970	2360	-2.06507	-2954	2309	-2.14167	-3900	-1100	-3921	954
26.28	-2970	2360	-2.05321	-2953	2308	-2.13072	-3900	-1100	-3921	954
26.31	-2960	2350	-2.05251	-2954	2308	-2.12552	-3900	-1100	-3921	954
26.34	-2950	2350	-2.05513	-2953	2308	-2.12226	-3900	-1100	-3921	954
26.37	-2940	2340	-2.07851	-2953	2308	-2.12226	-3900	-1100	-3921	954
26.4	-2940	2340	-2.09876	-2951	2306	-2.12532	-3900	-1100	-3921	954
26.43	-2940	2340	-2.11674	-2951	2306	-2.12721	-3900	-1100	-3921	954
26.46	-2940	2340	-2.13611	-2949	2307	-2.12956	-3900	-1100	-3921	954
26.49	-2940	2340	-2.14588	-2949	2307	-2.13277	-3900	-1100	-3921	954
26.52	-2950	2350	-2.15164	-2949	2308	-2.13331	-3900	-1100	-3921	954
26.55	-2960	2360	-2.14972	-2948	2308	-2.13494	-3900	-1100	-3921	954
26.58	-2970	2360	-2.15182	-2949	2310	-2.13361	-3900	-1100	-3921	954
26.61	-2980	2370	-2.15601	-2949	2312	-2.1329	-3900	-1100	-3921	954
26.64	-2990	2380	-2.15566	-2949	2313	-2.1315	-3900	-1100	-3921	954
26.67	-3000	2380	-2.16107	-2948	2313	-2.12707	-3900	-1100	-3921	954
26.7	-3000	2380	-2.1663	-2948	2313	-2.12707	-3900	-1100	-3921	954
26.73	-3000	2390	-2.16281	-2947	2315	-2.12416	-3900	-1100	-3921	954
26.76	-3000	2390	-2.16473	-2944	2315	-2.12616	-3900	-1100	-3921	954
26.79	-3000	2390	-2.17119	-2939	2314	-2.12348	-3900	-1100	-3921	954
26.82	-3000	2390	-2.16787	-2930	2311	-2.12333	-3900	-1100	-3921	954
26.85	-2990	2390	-2.16386	-2924	2309	-2.12308	-3900	-1100	-3921	954
26.88	-2980	2380	-2.16735	-2915	2306	-2.1243	-3900	-1100	-3921	954
26.91	-2970	2380	-2.17276	-2914	2307	-2.12204	-3900	-1100	-3921	954
26.94	-2960	2370	-2.1848	-2914	2309	-2.12274	-3900	-1100	-3921	954
26.97	-2940	2360	-2.20103	-2915	2310	-2.12027	-3900	-1100	-3921	954
27	-2920	2350	-2.21814	-2915	2310	-2.12027	-3900	-1100	-3921	954
27.03	-2900	2340	-2.23961	-2914	2310	-2.11678	-3900	-1100	-3921	954
27.06	-2890	2340	-2.25165	-2912	2309	-2.12062	-3900	-1100	-3921	954
27.09	-2890	2330	-2.2424	-2909	2308	-2.12256	-3900	-1100	-3921	954
27.12	-2890	2340	-2.23891	-2905	2307	-2.12426	-3900	-1100	-3921	954
27.15	-2890	2340	-2.23018	-2896	2302	-2.13054	-3900	-1100	-3921	954
27.18	-2900	2340	-2.21849	-2890	2299	-2.13269	-3900	-1100	-3921	954
27.21	-2910	2350	-2.19981	-2881	2295	-2.14181	-3900	-1100	-3921	954
27.24	-2910	2360	-2.18166	-2876	2293	-2.14735	-3900	-1100	-3921	954
27.27	-2920	2360	-2.167	-2872	2292	-2.15321	-3900	-1100	-3921	954
27.3	-2930	2370	-2.14326	-2872	2290	-2.14548	-3900	-1100	-3921	954
27.33	-2930	2370	-2.1396	-2873	2290	-2.14026	-3900	-1100	-3921	954
27.36	-2930	2370	-2.12948	-2872	2288	-2.13825	-3900	-1100	-3921	954
27.39	-2930	2360	-2.13489	-2875	2288	-2.13404	-3900	-1100	-3921	954
27.42	-2920	2360	-2.16229	-2875	2287	-2.13392	-3900	-1100	-3921	954
27.45	-2910	2350	-2.18829	-2875	2287	-2.13392	-3900	-1100	-3921	954
27.48	-2900	2340	-2.20278	-2876	2287	-2.13807	-3900	-1100	-3921	954
27.51	-2890	2340	-2.21517	-2878	2286	-2.14184	-3900	-1100	-3921	954
27.54	-2880	2330	-2.22791	-2878	2285	-2.14751	-3900	-1100	-3921	954
27.57	-2880	2320	-2.23577	-2881	2286	-2.14635	-3900	-1100	-3921	954
27.6	-2870	2320	-2.2403	-2880	2284	-2.14689	-3900	-1100	-3921	954
27.63	-2870	2310	-2.24833	-2883	2283	-2.15373	-3900	-1100	-3921	954
27.66	-2870	2310	-2.24641	-2886	2283	-2.16241	-3900	-1100	-3921	954
27.69	-2870	2310	-2.24641	-2892	2286	-2.16542	-3900	-1100	-3882	880
27.72	-2870	2310	-2.22704	-2892	2286	-2.16542	-3900	-1100	-3882	880
27.75	-2880	2320	-2.20418	-2903	2291	-2.16878	-3900	-1100	-3882	879
27.78	-2890	2320	-2.20103	-2911	2294	-2.1683	-3900	-1100	-3882	879
27.81	-2900	2330	-2.18341	-2914	2295	-2.17105	-3900	-1100	-3882	879
27.84	-2920	2340	-2.16159	-2916	2295	-2.17021	-3900	-1100	-3882	879
27.87	-2940	2350	-2.15251	-2919	2294	-2.16823	-3900	-1100	-3882	879
27.9	-2950	2360	-2.15897	-2918	2293	-2.17032	-3900	-1100	-3882	879
27.93	-2960	2360	-2.1574	-2920	2295	-2.16961	-3900	-1100	-3882	879
27.96	-2970	2370	-2.1499	-2924	2296	-2.16631	-3900	-1100	-3882	879
27.99	-2970	2370	-2.1471	-2928	2298	-2.15988	-3900	-1100	-3882	879
28.02	-2970	2370	-2.15426	-2934	2301	-2.15546	-3900	-1100	-3882	879
28.05	-2960	2360	-2.1677	-2939	2303	-2.15079	-3900	-1100	-3882	879
28.08	-2960	2360	-2.1841	-2943	2305	-2.14657	-3900	-1100	-3882	879
28.11	-2950	2350	-2.19493	-2949	2308	-2.14206	-3900	-1100	-3882	879
28.14	-2940	2340	-2.20732	-2951	2308	-2.13859	-3900	-1100	-3882	879
28.17	-2930	2340	-2.21587	-2954	2309	-2.13641	-3900	-1100	-3882	879
28.2	-2930	2340	-2.22896	-2951	2308	-2.13923	-3900	-1100	-3882	879
28.23	-2920	2340	-2.24065	-2952	2309	-2.14164	-3900	-1100	-3882	879
28.26	-2920	2340	-2.24292	-2956	2311	-2.14232	-3900	-1100	-3882	879
28.29	-2930	2340	-2.22844	-2962	2315	-2.14517	-3900	-1100	-3882	879
28.32	-2930	2340	-2.21936	-2972	2322	-2.14236	-3900	-1100	-3882	879
28.35	-2940	2350	-2.21814	-2981	2329	-2.1398	-3900	-1100	-3882	879
28.38	-2950	2350	-2.21465	-2984	2331	-2.13754	-3900	-1100	-3882	879
28.41	-2960	2360	-2.20121	-2987	2332	-2.13468	-3900	-1100	-3882	879
28.44	-2980	2370	-2.18323	-2987	2334	-2.13117	-3900	-1100	-3882	879
28.47	-3000	2390	-2.15251	-2987	2334	-2.12878	-3900	-1100	-3882	879
28.5	-3010	2390	-2.12895	-2991	2337	-2.12548	-3900	-1100	-3882	879
28.53	-3020	2400	-2.11848	-2992	2338	-2.1224	-3900	-1100	-3882	879
28.56	-3030	2410	-2.12249	-2994	2339	-2.12244	-3900	-1100	-3882	879
28.59	-3030	2410	-2.12494	-2999	2342	-2.1181	-3900	-1100	-3882	879
28.62	-3030	2410	-2.13314	-3006	2346	-2.11243	-3900	-1100	-3882	879
28.65	-3020	2400	-2.12983	-3006	2346	-2.11243	-3900	-1100	-3882	879
28.68	-3010	2400	-2.11778	-3014	2352	-2.10693	-3900	-1100	-3882	879
28.71	-3000	2390	-2.12616	-3020	2356	-2.10132	-3900	-1100	-3882	879
28.74	-2990	2390	-2.12773	-3024	2359	-2.09721	-3900	-1100	-3882	879
28.77	-2980	2390	-2.13087	-3025	2359	-2.09582	-3900	-1100	-3882	879
28.8	-2980	2380	-2.1389	-3021	2357	-2.10675	-3900	-1100	-3882	879
28.83	-2980	2380	-2.1492	-3023	2359	-2.10814	-3900	-1100	-3882	879
28.86	-2980	2380	-2.15182	-3025	2361	-2.10841	-3900	-1100	-3882	879
28.89	-2990	2390	-2.14728	-3033	2366	-2.10735	-3900	-1100	-3882	879
28.92	-2990	2390	-2.12075	-3044	2372	-2.10474	-3900	-1100	-3882	879
28.95	-3000	2390	-2.10085	-3051	2376	-2.10179	-3900	-1100	-3882	879
28.98	-3010	2400	-2.08357	-3057	2381	-2.09865	-3900	-1100	-3882	879
29.01	-3020	2410	-2.07921	-3057	2381	-2.09865	-3900	-1100	-3882	879
29.04	-3040	2420	-2.07031	-3057	2381	-2.09739	-3900	-1100	-3882	879
29.07	-3060	2430	-2.06106	-3057	2382	-2.0947	-3900	-1100	-3882	879
29.1	-3070	2440	-2.05757	-3057	2382	-2.09404	-3900	-1100	-3882	879
29.13	-3080	2440	-2.0567	-3059	2385	-2.09015	-3900	-1100	-3882	879
29.16	-3090	2450	-2.05844	-3064	2388	-2.08715	-3900	-1100	-3882	879
29.19	-3090	2450	-2.05792	-3069	2392	-2.08346	-3900	-1100	-3882	879
29.22	-3080	2450	-2.05635	-3077	2397	-2.07786	-3900	-1100	-3882	879
29.25	-3070	2440	-2.05792	-3087	2404	-2.07192	-3900	-1100	-3882	879
29.28	-3060	2440	-2.07136	-3093	2408	-2.06631	-3900	-1100	-3882	879
29.31	-3050	2430	-2.08288	-3098	2410	-2.06201	-3900	-1100	-3882	879
29.34	-3040	2430	-2.09265	-3098	2412	-2.05731	-3900	-1100	-3882	879
29.37	-3040	2430	-2.10173	-3099	2413	-2.05618	-3900	-1100	-3882	879
29.4	-3040	2430	-2.10522	-3098	2413	-2.06257	-3900	-1100	-3882	879
29.43	-3040	2430	-2.10417	-3098	2413	-2.06546	-3900	-1100	-3882	879
29.46	-3040	2430	-2.09789	-3105	2418	-2.06495	-3900	-1100	-3882	879
29.49	-3040	2430	-2.09963	-3105	2418	-2.06495	-3900	-1100	-3882	879
29.52	-3050	2440	-2.09806	-3118	2426	-2.06283	-3900	-1100	-3882	879
29.55	-3060	2440	-2.09021	-3125	2430	-2.06066	-3900	-1100	-3882	879
29.58	-3070	2450	-2.08113	-3130	2434	-2.05733	-3900	-1100	-3882	879
29.61	-3080	2460	-2.07101	-3133	2436	-2.05474	-3900	-1100	-3882	879
29.64	-3110	2470	-2.05739	-3130	2435	-2.05059	-3900	-1100	-3882	879
29.67	-3120	2480	-2.045	-3130	2435	-2.05025	-3900	-1100	-3882	879
29.7	-3130	2480	-2.04204	-3127	2434	-2.04868	-3900	-1100	-3882	879
29.73	-3140	2490	-2.04396	-3129	2436	-2.04917	-3900	-1100	-3882	879
29.76	-3140	2490	-2.04745	-3131	2438	-2.04795	-3900	-1100	-3882	879
29.79	-3140	2490	-2.05774	-3137	2442	-2.04653	-3900	-1100	-3882	879
29.82	-3140	2490	-2.05443	-3146	2448	-2.04128	-3900	-1100	-3882	879
29.85	-3130	2490	-2.05966	-3154	2454	-2.03655	-3900	-1100	-3882	879
29.88	-3120	2480	-2.07083	-3154	2454	-2.03655	-3900	-1100	-3882	879
29.91	-3100	2480	-2.07939	-3161	2458	-2.02943	-3900	-1100	-3882	879
29.94	-3100	2470	-2.09125	-3163	2461	-2.02628	-3900	-1100	-3882	879
29.97	-3090	2470	-2.09614	-3163	2461	-2.02946	-3900	-1100	-3882	879
30	-3090	2470	-2.09038	-3164	2463	-2.03859	-3900	-1100	-3882	879
30.03	-3090	2470	-2.08392	-3163	2464	-2.03915	-3900	-1100	-3882	879
30.06	-3100	2470	-2.07694	-3167	2467	-2.0378	-3900	-1100	-3882	879
30.09	-3100	2480	-2.07083	-3172	2471	-2.03701	-3900	-1100	-3882	879
30.12	-3110	2480	-2.06595	-3179	2475	-2.03613	-3900	-1100	-3882	879
30.15	-3120	2490	-2.05565	-3180	2476	-2.03511	-3900	-1100	-3882	879
30.18	-3130	2500	-2.04116	-3185	2480	-2.03212	-3900	-1100	-3882	879
30.21	-3150	2510	-2.02999	-3189	2483	-2.02789	-3900	-1100	-3882	879
30.24	-3170	2520	-2.00835	-3187	2483	-2.02479	-3900	-1100	-3882	879
30.27	-3180	2520	-1.98793	-3190	2486	-2.01732	-3900	-1100	-3882	879
30.3	-3190	2530	-1.99352	-3192	2488	-2.01603	-3900	-1100	-3882	879
30.33	-3190	2530	-1.98479	-3192	2488	-2.01603	-3900	-1100	-3882	879
30.36	-3190	2530	-1.98671	-3195	2491	-2.01598	-3900	-1100	-3882	879
30.39	-3190	2530	-1.99997	-3201	2495	-2.01231	-3900	-1100	-3882	879
30.42	-3180	2530	-2.01219	-3204	2498	-2.01237	-3900	-1100	-3882	879
30.45	-3170	2520	-2.02458	-3210	2502	-2.00864	-3900	-1100	-3882	879
30.48	-3150	2520	-2.04151	-3215	2505	-2.005	-3900	-1100	-3882	879
30.51	-3150	2520	-2.05425	-3220	2509	-1.9988	-3900	-1100	-3882	879
30.54	-3140	2520	-2.06682	-3218	2509	-1.99709	-3900	-1100	-3882	879
30.57	-3140	2520	-2.07555	-3218	2510	-2.00175	-3900	-1100	-3882	879
30.6	-3140	2520	-2.07642	-3215	2510	-2.0002	-3900	-1100	-3882	879
30.63	-3140	2520	-2.06839	-3220	2513	-1.99865	-3900	-1100	-3882	879
30.66	-3150	2520	-2.06333	-3222	2515	-1.99938	-3900	-1100	-3882	879
30.69	-3160	2530	-2.04902	-3233	2522	-1.99434	-3900	-1100	-3882	879
30.72	-3170	2530	-2.03907	-3235	2523	-1.9957	-3900	-1100	-3882	879
30.75	-3180	2540	-2.02982	-3235	2525	-1.99288	-3900	-1100	-3882	879
30.78	-3200	2550	-2.00573	-3235	2525	-1.99288	-3900	-1100	-3882	879
30.81	-3220	2560	-1.98566	-3236	2527	-1.9903	-3900	-1100	-3882	879
30.84	-3230	2560	-1.96524	-3238	2529	-1.99071	-3900	-1100	-3882	879
30.87	-3240	2570	-1.95878	-3239	2530	-1.98523	-3900	-1100	-3882	879
30.9	-3250	2570	-1.9628	-3241	2533	-1.98567	-3900	-1100	-3882	879
30.93	-3250	2570	-1.96315	-3242	2534	-1.98624	-3900	-1100	-3882	879
30.96	-3250	2570	-1.9621	-3249	2539	-1.98365	-3900	-1100	-3882	879
30.99	-3240	2570	-1.96332	-3250	2540	-1.98363	-3900	-1100	-3882	879
31.02	-3230	2570	-1.9696	-3260	2546	-1.97691	-3900	-1100	-3882	879
31.05	-3220	2570	-1.97292	-3264	2550	-1.97137	-3900	-1100	-3882	879
31.08	-3200	2560	-1.98217	-3265	2550	-1.96707	-3900	-1100	-3882	879
31.11	-3200	2560	-1.99491	-3267	2552	-1.97122	-3900	-1100	-3882	879
31.14	-3200	2560	-1.99352	-3269	2554	-1.97745	-3900	-1100	-3882	879
31.17	-3200	2560	-1.98898	-3267	2555	-1.97707	-3900	-1100	-3882	879
31.2	-3200	2560	-1.99142	-3266	2555	-1.97804	-3900	-1100	-3882	879
31.23	-3200	2560	-2.00137	-3271	2558	-1.97783	-3900	-1100	-3882	879
31.26	-3200	2570	-2.00486	-3282	2564	-1.97316	-3900	-1100	-3882	879
31.29	-3210	2570	-1.99997	-3288	2568	-1.96984	-3900	-1100	-3882	879
31.32	-3220	2580	-1.99352	-3290	2570	-1.96623	-3900	-1100	-3882	879
31.35	-3240	2590	-1.98461	-3290	2570	-1.96623	-3900	-1100	-3882	879
31.38	-3260	2590	-1.97292	-3288	2571	-1.96517	-3900	-1100	-3882	879
31.41	-3280	2600	-1.95721	-3290	2573	-1.9619	-3900	-1100	-3882	879
31.44	-3290	2610	-1.95215	-3287	2573	-1.95776	-3900	-1100	-3882	879
31.47	-3300	2610	-1.95564	-3289	2575	-1.9548	-3900	-1100	-3882	879
31.5	-3300	2610	-1.95913	-3293	2578	-1.95528	-3900	-1100	-3882	879
31.53	-3300	2610	-1.96175	-3297	2582	-1.95427	-3900	-1100	-3882	879
31.56	-3290	2610	-1.96489	-3304	2586	-1.95287	-3900	-1100	-3882	879
31.59	-3280	2610	-1.97152	-3308	2589	-1.95285	-3900	-1100	-3882	879
31.62	-3270	2610	-1.98095	-3314	2593	-1.95147	-3900	-1100	-3882	879
31.65	-3260	2600	-1.99072	-3319	2596	-1.94948	-3900	-1100	-3882	879
31.68	-3250	2600	-2.00102	-3321	2598	-1.94887	-3900	-1100	-3882	879
31.71	-3250	2600	-2.00695	-3321	2599	-1.95637	-3900	-1100	-3882	879
31.74	-3240	2600	-2.00381	-3319	2600	-1.96351	-3900	-1100	-3882	879
31.77	-3250	2600	-1.99823	-3318	2601	-1.96272	-3900	-1100	-3882	879
31.8	-3250	2600	-1.99718	-3321	2604	-1.9628	-3900	-1100	-3882	879
31.83	-3250	2610	-1.99788	-3331	2610	-1.96135	-3900	-1100	-3882	879
31.86	-3260	2610	-1.99578	-3339	2616	-1.96317	-3900	-1100	-3882	879
31.89	-3270	2620	-1.9888	-3342	2618	-1.96528	-3900	-1100	-3882	879
31.92	-3280	2620	-1.97536	-3342	2618	-1.96528	-3900	-1100	-3882	879
31.95	-3300	2630	-1.96088	-3345	2622	-1.96619	-3900	-1100	-3882	879
31.98	-3320	2640	-1.94517	-3341	2621	-1.96773	-3900	-1100	-3882	879
32.01	-3330	2650	-1.93121	-3339	2620	-1.96944	-3900	-1100	-3882	879
32.04	-3340	2650	-1.92964	-3340	2623	-1.95891	-3900	-1100	-3882	879
32.07	-3340	2650	-1.92807	-3343	2626	-1.95827	-3900	-1100	-3882	879
32.1	-3340	2660	-1.92597	-3352	2632	-1.95669	-3900	-1100	-3882	879
32.13	-3340	2660	-1.92824	-3362	2638	-1.95519	-3900	-1100	-3882	879
32.16	-3330	2650	-1.92999	-3369	2642	-1.95517	-3900	-1100	-3882	879
32.19	-3320	2650	-1.93156	-3376	2647	-1.95261	-3900	-1100	-3882	879
32.22	-3310	2650	-1.934	-3379	2650	-1.95226	-3900	-1100	-3882	879
32.25	-3300	2650	-1.9333	-3380	2652	-1.95162	-3900	-1100	-3882	879
32.28	-3290	2650	-1.93906	-3378	2652	-1.96207	-3900	-1100	-3882	879
32.31	-3290	2640	-1.93889	-3377	2652	-1.96704	-3900	-1100	-3882	879
32.34	-3290	2640	-1.93766	-3377	2652	-1.96704	-3900	-1100	-3882	879
32.37	-3290	2640	-1.93574	-3374	2651	-1.96719	-3900	-1100	-3882	879
32.4	-3300	2650	-1.93191	-3371	2651	-1.96874	-3900	-1100	-3882	879
32.43	-3300	2650	-1.92615	-3371	2652	-1.96865	-3900	-1100	-3882	879
32.46	-3310	2660	-1.91777	-3372	2653	-1.9677	-3900	-1100	-3882	879
32.49	-3330	2660	-1.90677	-3372	2654	-1.96853	-3900	-1100	-3882	879
32.52	-3340	2670	-1.89735	-3370	2654	-1.96781	-3900	-1100	-3882	879
32.55	-3350	2680	-1.8881	-3370	2655	-1.96775	-3900	-1100	-3882	879
32.58	-3360	2680	-1.87763	-3372	2656	-1.96352	-3900	-1100	-3882	879
32.61	-3370	2680	-1.8689	-3371	2655	-1.95898	-3900	-1100	-3882	879
32.64	-3370	2680	-1.86715	-3373	2657	-1.95656	-3900	-1100	-3882	879
32.67	-3380	2690	-1.86663	-3375	2657	-1.95337	-3900	-1100	-3882	879
32.7	-3370	2690	-1.86803	-3375	2657	-1.95124	-3900	-1100	-3882	879
32.73	-3370	2680	-1.89927	-3373	2657	-1.94933	-3900	-1100	-3882	879
32.76	-3360	2680	-1.90956	-3372	2656	-1.94687	-3900	-1100	-3882	879
32.79	-3350	2680	-1.90991	-3372	2656	-1.94687	-3900	-1100	-3882	879
32.82	-3340	2670	-1.91672	-3371	2656	-1.94317	-3900	-1100	-3882	879
32.85	-3330	2670	-1.93086	-3371	2656	-1.94086	-3900	-1100	-3882	879
32.88	-3320	2660	-1.94325	-3373	2657	-1.93865	-3900	-1100	-3882	879
32.91	-3310	2660	-1.94255	-3371	2656	-1.94136	-3900	-1100	-3882	879
32.94	-3310	2660	-1.9347	-3369	2655	-1.94507	-3900	-1100	-3882	879
32.97	-3310	2660	-1.9333	-3368	2655	-1.94852	-3900	-1100	-3882	879
33	-3310	2660	-1.9333	-3366	2653	-1.95093	-3900	-1100	-3882	879
33.03	-3320	2660	-1.92684	-3366	2653	-1.95192	-3900	-1100	-3882	879
33.06	-3330	2670	-1.92021	-3367	2654	-1.95474	-3900	-1100	-3882	879
33.09	-3330	2670	-1.91742	-3367	2654	-1.9543	-3900	-1100	-3882	879
33.12	-3330	2670	-1.91201	-3368	2654	-1.9565	-3900	-1100	-3882	879
33.15	-3330	2670	-1.90782	-3368	2655	-1.94985	-3900	-1100	-3882	879
33.18	-3330	2670	-1.90747	-3369	2655	-1.94612	-3900	-1100	-3882	879
33.21	-3330	2670	-1.89857	-3369	2655	-1.94548	-3900	-1100	-3882	879
33.24	-3330	2670	-1.91306	-3370	2656	-1.94395	-3900	-1100	-3882	879
33.27	-3330	2670	-1.92929	-3370	2656	-1.94395	-3900	-1100	-3882	879
33.3	-3330	2670	-1.92615	-3373	2657	-1.94215	-3900	-1100	-3882	879
33.33	-3330	2670	-1.91742	-3372	2656	-1.9432	-3900	-1100	-3882	879
33.36	-3330	2670	-1.91375	-3370	2656	-1.94368	-3900	-1100	-3882	879
33.39	-3330	2670	-1.91567	-3370	2655	-1.94426	-3900	-1100	-3882	879
33.42	-3330	2670	-1.91672	-3370	2656	-1.94405	-3900	-1100	-3882	879
33.45	-3330	2670	-1.91777	-3372	2656	-1.94289	-3900	-1100	-3882	879
33.48	-3330	2670	-1.92143	-3373	2657	-1.94265	-3900	-1100	-3882	879
33.51	-3330	2670	-1.92667	-3372	2656	-1.94319	-3900	-1100	-3882	879
33.54	-3330	2670	-1.92021	-3370	2655	-1.94429	-3900	-1100	-3882	879
33.57	-3330	2670	-1.92964	-3369	2655	-1.9458	-3900	-1100	-3882	879
33.6	-3330	2670	-1.92911	-3370	2656	-1.94451	-3900	-1100	-3882	879
33.63	-3330	2670	-1.9258	-3370	2656	-1.94476	-3900	-1100	-3882	879
33.66	-3330	2670	-1.92894	-3371	2656	-1.94355	-3900	-1100	-3882	879
33.69	-3330	2670	-1.92615	-3371	2656	-1.94355	-3900	-1100	-3882	879
33.72	-3330	2670	-1.93103	-3370	2656	-1.94388	-3900	-1100	-3882	879
33.75	-3330	2670	-1.923	-3369	2655	-1.94375	-3900	-1100	-3882	879
33.78	-3330	2670	-1.92615	-3369	2655	-1.94463	-3900	-1100	-3882	879
33.81	-3330	2670	-1.92841	-3370	2655	-1.94424	-3900	-1100	-3882	879
33.84	-3330	2670	-1.92335	-3369	2655	-1.94462	-3900	-1100	-3882	879
33.87	-3330	2670	-1.91724	-3369	2655	-1.94428	-3900	-1100	-3882	879
33.9	-3330	2670	-1.92161	-3368	2655	-1.94448	-3900	-1100	-3882	879
33.93	-3330	2670	-1.92143	-3368	2655	-1.94415	-3900	-1100	-3882	879
33.96	-3330	2670	-1.91358	-3366	2654	-1.94509	-3900	-1100	-3882	879
33.99	-3330	2670	-1.91445	-3366	2654	-1.94509	-3900	-1100	-3882	879
34.02	-3330	2670	-1.92126	-3364	2653	-1.94638	-3900	-1100	-3882	879
34.05	-3330	2670	-1.92039	-3361	2652	-1.94687	-3900	-1100	-3882	879
34.08	-3330	2670	-1.9155	-3362	2652	-1.94663	-3900	-1100	-3882	879
34.11	-3330	2670	-1.91358	-3362	2652	-1.94687	-3900	-1100	-3882	879
34.14	-3330	2670	-1.91375	-3363	2652	-1.94546	-3900	-1100	-3882	879
34.17	-3330	2670	-1.91655	-3363	2652	-1.94461	-3900	-1100	-3882	879
34.2	-3330	2670	-1.92021	-3363	2652	-1.94428	-3900	-1100	-3882	879
34.23	-3330	2670	-1.91655	-3363	2652	-1.94427	-3900	-1100	-3882	879
34.26	-3330	2670	-1.93033	-3365	2653	-1.94275	-3900	-1100	-3882	879
34.29	-3330	2670	-1.93662	-3365	2653	-1.94207	-3900	-1100	-3882	879
34.32	-3330	2670	-1.93697	-3365	2653	-1.94291	-3900	-1100	-3882	879
34.35	-3330	2670	-1.92684	-3365	2653	-1.94291	-3900	-1100	-3882	879
34.38	-3330	2670	-1.92824	-3365	2653	-1.94312	-3900	-1100	-3882	879
34.41	-3330	2670	-1.93033	-3365	2653	-1.9431	-3900	-1100	-3882	879
34.44	-3330	2670	-1.93191	-3365	2652	-1.9428	-3900	-1100	-3882	879
34.47	-3330	2670	-1.93243	-3364	2651	-1.94326	-3900	-1100	-3882	879
34.5	-3330	2670	-1.93627	-3364	2652	-1.94291	-3900	-1100	-3882	879
34.53	-3330	2670	-1.93627	-3364	2652	-1.9431	-3900	-1100	-3882	879
34.56	-3330	2670	-1.93138	-3364	2652	-1.94258	-3900	-1100	-3882	879
34.59	-3330	2670	-1.91847	-3365	2652	-1.94212	-3900	-1100	-3882	879
34.62	-3330	2670	-1.92545	-3363	2652	-1.94347	-3900	-1100	-3882	879
34.65	-3330	2670	-1.92073	-3361	2651	-1.94436	-3900	-1100	-3882	879
34.68	-3330	2670	-1.9155	-3363	2652	-1.94295	-3900	-1100	-3882	879
34.71	-3330	2670	-1.92161	-3363	2652	-1.94295	-3900	-1100	-3882	879
34.74	-3330	2670	-1.93452	-3363	2652	-1.94281	-3900	-1100	-3882	879
34.77	-3330	2670	-1.94377	-3364	2653	-1.94123	-3900	-1100	-3882	879
34.8	-3330	2670	-1.94377	-3363	2652	-1.94125	-3900	-1100	-3882	879
34.83	-3330	2670	-1.93871	-3363	2652	-1.9414	-3900	-1100	-3882	879
34.86	-3330	2670	-1.93382	-3363	2652	-1.94118	-3900	-1100	-3882	879
34.89	-3330	2670	-1.92807	-3365	2653	-1.94037	-3900	-1100	-3882	879
34.92	-3330	2670	-1.93121	-3365	2654	-1.94012	-3900	-1100	-3882	879
34.95	-3330	2670	-1.93976	-3366	2653	-1.93975	-3900	-1100	-3882	879
34.98	-3330	2670	-1.93976	-3366	2653	-1.93984	-3900	-1100	-3882	879
35.01	-3330	2670	-1.93627	-3364	2653	-1.94052	-3900	-1100	-3882	879
35.04	-3330	2670	-1.92684	-3364	2652	-1.94127	-3900	-1100	-3882	879
35.07	-3330	2670	-1.91323	-3364	2653	-1.94123	-3900	-1100	-3882	879
35.1	-3330	2670	-1.923	-3365	2653	-1.94045	-3900	-1100	-3882	879
35.13	-3330	2670	-1.91323	-3364	2653	-1.94038	-3900	-1100	-3882	879
35.16	-3330	2670	-1.90433	-3364	2653	-1.94038	-3900	-1100	-3882	879
35.19	-3330	2670	-1.9052	-3365	2653	-1.93959	-3900	-1100	-3882	879
35.22	-3330	2670	-1.9141	-3365	2653	-1.94024	-3900	-1100	-3882	879
35.25	-3330	2670	-1.91934	-3364	2653	-1.94082	-3900	-1100	-3882	879
35.28	-3330	2670	-1.923	-3363	2652	-1.9411	-3900	-1100	-3882	879
35.31	-3330	2670	-1.92597	-3362	2652	-1.94193	-3900	-1100	-3937	1101
35.34	-3330	2670	-1.92388	-3363	2652	-1.94097	-3900	-1100	-3937	1102
35.37	-3330	2670	-1.91585	-3363	2653	-1.9409	-3900	-1100	-3937	1102
35.4	-3330	2670	-1.91358	-3363	2653	-1.94101	-3900	-1100	-3938	1102
35.43	-3330	2670	-1.91114	-3363	2652	-1.94076	-3900	-1100	-3938	1102
35.46	-3330	2670	-1.90974	-3361	2652	-1.94154	-3900	-1100	-3938	1102
35.49	-3330	2670	-1.90956	-3361	2652	-1.94154	-3900	-1100	-3938	1102
35.52	-3330	2670	-1.91096	-3360	2651	-1.94248	-3900	-1100	-3938	1102
35.55	-3330	2670	-1.91044	-3360	2651	-1.94304	-3900	-1100	-3938	1102
35.58	-3330	2670	-1.9073	-3361	2652	-1.94216	-3900	-1100	-3938	1102
35.61	-3330	2670	-1.90468	-3361	2652	-1.94216	-3900	-1100	-3938	1102
35.64	-3330	2670	-1.90433	-3361	2652	-1.94226	-3900	-1100	-3938	1102
35.67	-3330	2670	-1.90573	-3360	2652	-1.94276	-3900	-1100	-3938	1102
35.7	-3330	2670	-1.9073	-3360	2651	-1.94311	-3900	-1100	-3938	1102
35.73	-3330	2670	-1.90852	-3359	2651	-1.94365	-3900	-1100	-3938	1102
35.76	-3330	2670	-1.90991	-3359	2651	-1.94365	-3900	-1100	-3938	1102
35.79	-3330	2670	-1.91026	-3360	2651	-1.94335	-3900	-1100	-3938	1102
35.82	-3330	2670	-1.91131	-3360	2651	-1.94324	-3900	-1100	-3938	1102
35.85	-3330	2670	-1.91201	-3359	2650	-1.94378	-3900	-1100	-3938	1102
35.88	-3330	2670	-1.91515	-3358	2650	-1.94509	-3900	-1100	-3938	1102
35.91	-3330	2670	-1.91532	-3358	2650	-1.94501	-3900	-1100	-3938	1102
35.94	-3340	2670	-1.91096	-3359	2650	-1.94545	-3900	-1100	-3938	1102
35.97	-3340	2670	-1.91026	-3358	2650	-1.94561	-3900	-1100	-3938	1102
36	-3340	2670	-1.91218	-3358	2650	-1.94574	-3900	-1100	-3938	1102
36.03	-3340	2680	-1.91201	-3358	2650	-1.94574	-3900	-1100	-3938	1102
36.06	-3340	2670	-1.90764	-3358	2650	-1.9452	-3900	-1100	-3938	1102
36.09	-3340	2670	-1.90119	-3359	2650	-1.94356	-3900	-1100	-3938	1102
36.12	-3330	2670	-1.90241	-3357	2649	-1.94016	-3900	-1100	-3938	1102
36.15	-3320	2670	-1.91602	-3351	2647	-1.93861	-3900	-1100	-3938	1102
36.18	-3310	2660	-1.93121	-3342	2644	-1.93882	-3900	-1100	-3938	1102
36.21	-3310	2660	-1.93609	-3328	2638	-1.93981	-3900	-1100	-3938	1102
36.24	-3300	2660	-1.93697	-3319	2635	-1.94019	-3900	-1100	-3938	1102
36.27	-3290	2650	-1.94028	-3313	2633	-1.94168	-3900	-1100	-3938	1102
36.3	-3270	2650	-1.94814	-3312	2632	-1.94238	-3900	-1100	-3938	1102
36.33	-3270	2640	-1.95582	-3311	2632	-1.94882	-3900	-1100	-3938	1102
36.36	-3260	2640	-1.95826	-3307	2631	-1.9522	-3900	-1100	-3938	1102
36.39	-3260	2640	-1.95634	-3303	2629	-1.95345	-3900	-1100	-3938	1102
36.42	-3270	2650	-1.95302	-3298	2627	-1.95772	-3900	-1100	-3938	1102
36.45	-3280	2650	-1.95774	-3298	2627	-1.95772	-3900	-1100	-3938	1102
36.48	-3290	2660	-1.95215	-3289	2624	-1.96228	-3900	-1100	-3938	1102
36.51	-3310	2660	-1.94744	-3278	2619	-1.96937	-3900	-1100	-3938	1102
36.54	-3320	2670	-1.94622	-3275	2618	-1.97388	-3900	-1100	-3938	1102
36.57	-3330	2670	-1.93854	-3273	2618	-1.97667	-3900	-1100	-3938	1102
36.6	-3330	2680	-1.93208	-3274	2619	-1.96946	-3900	-1100	-3938	1102
36.63	-3330	2680	-1.92999	-3274	2619	-1.96526	-3900	-1100	-3938	1102
36.66	-3330	2680	-1.9347	-3271	2618	-1.96466	-3900	-1100	-3938	1102
36.69	-3330	2680	-1.94534	-3262	2615	-1.96783	-3900	-1100	-3938	1102
36.72	-3330	2670	-1.94674	-3249	2610	-1.97534	-3900	-1100	-3938	1102
36.75	-3320	2670	-1.94447	-3241	2607	-1.97691	-3900	-1100	-3938	1102
36.78	-3320	2670	-1.94604	-3237	2605	-1.98135	-3900	-1100	-3938	1102
36.81	-3310	2660	-1.94639	-3233	2604	-1.98494	-3900	-1100	-3938	1102
36.84	-3290	2660	-1.95843	-3232	2603	-1.98758	-3900	-1100	-3938	1102
36.87	-3270	2650	-1.96751	-3232	2603	-1.98997	-3900	-1100	-3938	1102
36.9	-3250	2640	-1.97763	-3231	2603	-1.98774	-3900	-1100	-3938	1102
36.93	-3230	2630	-1.98671	-3234	2604	-1.98868	-3900	-1100	-3938	1102
36.96	-3220	2630	-1.99247	-3234	2605	-1.99077	-3900	-1100	-3938	1102
36.99	-3220	2630	-1.9895	-3231	2603	-1.9916	-3900	-1100	-3938	1102
37.02	-3220	2630	-1.99194	-3225	2602	-1.99668	-3900	-1100	-3938	1102
37.05	-3220	2630	-1.99421	-3217	2598	-1.99933	-3900	-1100	-3938	1102
37.08	-3230	2630	-1.98793	-3217	2598	-1.99933	-3900	-1100	-3938	1102
37.11	-3240	2640	-1.98636	-3207	2594	-2.00326	-3900	-1100	-3938	1102
37.14	-3250	2650	-1.98985	-3200	2591	-2.01118	-3900	-1100	-3938	1102
37.17	-3260	2650	-1.98496	-3195	2590	-2.01614	-3900	-1100	-3938	1102
37.2	-3260	2650	-1.97851	-3197	2591	-2.00973	-3900	-1100	-3938	1102
37.23	-3260	2650	-1.97885	-3195	2590	-2.00493	-3900	-1100	-3938	1102
37.26	-3260	2650	-1.98077	-3190	2588	-2.00481	-3900	-1100	-3938	1102
37.29	-3260	2650	-1.98043	-3187	2587	-2.00452	-3900	-1100	-3938	1102
37.32	-3250	2650	-1.97641	-3180	2584	-2.0056	-3900	-1100	-3938	1102
37.35	-3240	2640	-1.9799	-3169	2579	-2.00699	-3900	-1100	-3938	1102
37.38	-3230	2640	-1.98653	-3163	2577	-2.0116	-3900	-1100	-3938	1102
37.41	-3220	2630	-1.99561	-3162	2577	-2.01122	-3900	-1100	-3938	1102
37.44	-3200	2630	-2.0101	-3165	2579	-2.01401	-3900	-1100	-3938	1102
37.47	-3180	2610	-2.02039	-3165	2579	-2.0133	-3900	-1100	-3938	1102
37.5	-3170	2610	-2.03418	-3163	2579	-2.01618	-3900	-1100	-3938	1102
37.53	-3160	2600	-2.03697	-3163	2579	-2.01618	-3900	-1100	-3938	1102
37.56	-3150	2600	-2.0368	-3156	2577	-2.02106	-3900	-1100	-3938	1102
37.59	-3150	2600	-2.03959	-3155	2576	-2.0236	-3900	-1100	-3938	1102
37.62	-3150	2600	-2.04273	-3150	2575	-2.0275	-3900	-1100	-3938	1102
37.65	-3150	2610	-2.04448	-3142	2571	-2.03163	-3900	-1100	-3938	1102
37.68	-3160	2610	-2.03348	-3134	2568	-2.03852	-3900	-1100	-3938	1102
37.71	-3170	2620	-2.02092	-3127	2565	-2.04434	-3900	-1100	-3938	1102
37.74	-3190	2630	-2.01149	-3126	2565	-2.04921	-3900	-1100	-3938	1102
37.77	-3190	2630	-2.00399	-3128	2566	-2.048	-3900	-1100	-3938	1102
37.8	-3190	2630	-1.9998	-3127	2567	-2.04008	-3900	-1100	-3938	1102
37.83	-3190	2630	-2.00364	-3125	2566	-2.03788	-3900	-1100	-3938	1102
37.86	-3190	2630	-2.008	-3118	2564	-2.03896	-3900	-1100	-3938	1102
37.89	-3190	2630	-2.01097	-3113	2562	-2.03892	-3900	-1100	-3938	1102
37.92	-3180	2630	-2.01376	-3105	2559	-2.04072	-3900	-1100	-3938	1102
37.95	-3170	2620	-2.01847	-3097	2555	-2.04326	-3900	-1100	-3938	1102
37.98	-3160	2620	-2.02353	-3097	2555	-2.04326	-3900	-1100	-3938	1102
38.01	-3150	2610	-2.03889	-3093	2554	-2.04683	-3900	-1100	-3938	1102
38.04	-3130	2600	-2.0567	-3094	2555	-2.0482	-3900	-1100	-3938	1102
38.07	-3110	2590	-2.0731	-3094	2556	-2.05073	-3900	-1100	-3938	1102
38.1	-3100	2580	-2.08846	-3094	2556	-2.05401	-3900	-1100	-3938	1102
38.13	-3090	2580	-2.0944	-3091	2556	-2.05961	-3900	-1100	-3938	1102
38.16	-3080	2580	-2.09579	-3085	2553	-2.06381	-3900	-1100	-3938	1102
38.19	-3080	2580	-2.09387	-3081	2552	-2.06775	-3900	-1100	-3938	1102
38.22	-3090	2580	-2.09405	-3074	2549	-2.07231	-3900	-1100	-3938	1102
38.25	-3090	2590	-2.08445	-3064	2545	-2.07822	-3900	-1100	-3938	1102
38.28	-3100	2600	-2.07171	-3064	2545	-2.07822	-3900	-1100	-3938	1102
38.31	-3110	2600	-2.05425	-3057	2541	-2.08558	-3900	-1100	-3938	1102
38.34	-3120	2610	-2.0471	-3054	2541	-2.09124	-3900	-1100	-3938	1102
38.37	-3120	2610	-2.03837	-3056	2542	-2.09531	-3900	-1100	-3938	1102
38.4	-3120	2610	-2.0368	-3059	2545	-2.08946	-3900	-1100	-3938	1102
38.43	-3120	2610	-2.03994	-3055	2543	-2.09485	-3900	-1100	-3938	1102
38.46	-3120	2610	-2.04029	-3049	2541	-2.09772	-3900	-1100	-3938	1102
38.49	-3110	2610	-2.04605	-3042	2538	-2.09596	-3900	-1100	-3938	1102
38.52	-3110	2600	-2.05268	-3027	2531	-2.1034	-3900	-1100	-3938	1102
38.55	-3100	2600	-2.0635	-3023	2529	-2.1042	-3900	-1100	-3938	1102
38.58	-3080	2590	-2.07555	-3019	2528	-2.10961	-3900	-1100	-3938	1102
38.61	-3070	2580	-2.08392	-3016	2527	-2.11446	-3900	-1100	-3938	1102
38.64	-3040	2570	-2.10138	-3016	2528	-2.11748	-3900	-1100	-3938	1102
38.67	-3030	2560	-2.11656	-3016	2528	-2.11748	-3900	-1100	-3938	1102
38.7	-3020	2550	-2.12529	-3012	2527	-2.12391	-3900	-1100	-3938	1102
38.73	-3010	2550	-2.12773	-3008	2526	-2.12663	-3900	-1100	-3938	1102
38.76	-3010	2550	-2.13052	-3000	2524	-2.12801	-3900	-1100	-3938	1102
38.79	-3010	2550	-2.12756	-2994	2521	-2.13135	-3900	-1100	-3938	1102
38.82	-3020	2560	-2.12005	-2989	2519	-2.13201	-3900	-1100	-3938	1102
38.85	-3030	2570	-2.11202	-2978	2514	-2.13753	-3900	-1100	-3938	1102
38.88	-3040	2570	-2.10609	-2971	2511	-2.14302	-3900	-1100	-3938	1102
38.91	-3050	2580	-2.10347	-2967	2509	-2.14835	-3900	-1100	-3938	1102
38.94	-3050	2580	-2.09422	-2969	2511	-2.14556	-3900	-1100	-3938	1102
38.97	-3050	2590	-2.0841	-2970	2513	-2.13589	-3900	-1100	-3938	1102
39	-3050	2590	-2.08323	-2971	2514	-2.13459	-3900	-1100	-3938	1102
39.03	-3050	2590	-2.07764	-2967	2513	-2.13669	-3900	-1100	-3938	1102
39.06	-3050	2590	-2.07694	-2967	2514	-2.13529	-3900	-1100	-3938	1102
39.09	-3040	2580	-2.07851	-2956	2508	-2.13795	-3900	-1100	-3938	1102
39.12	-3040	2580	-2.08881	-2956	2508	-2.13795	-3900	-1100	-3938	1102
39.15	-3020	2570	-2.10469	-2949	2505	-2.13955	-3900	-1100	-3938	1102
39.18	-3010	2570	-2.12005	-2942	2503	-2.14429	-3900	-1100	-3938	1102
39.21	-2990	2560	-2.13314	-2940	2503	-2.14664	-3900	-1100	-3938	1102
39.24	-2980	2550	-2.14623	-2941	2504	-2.14929	-3900	-1100	-3938	1102
39.27	-2970	2540	-2.1595	-2943	2506	-2.15618	-3900	-1100	-3938	1102
39.3	-2960	2540	-2.16683	-2942	2507	-2.15901	-3900	-1100	-3938	1102
39.33	-2960	2540	-2.1663	-2936	2505	-2.1612	-3900	-1100	-3938	1102
39.36	-2960	2540	-2.16386	-2929	2502	-2.16761	-3900	-1100	-3938	1102
39.39	-2960	2540	-2.15932	-2921	2498	-2.17064	-3900	-1100	-3938	1102
39.42	-2970	2550	-2.15461	-2916	2495	-2.17308	-3900	-1100	-3938	1102
39.45	-2980	2560	-2.15635	-2913	2495	-2.17734	-3900	-1100	-3938	1102
39.48	-2990	2570	-2.14326	-2910	2494	-2.18105	-3900	-1100	-3938	1102
39.51	-2990	2570	-2.12738	-2909	2494	-2.1761	-3900	-1100	-3938	1102
39.54	-3000	2570	-2.1218	-2909	2494	-2.1761	-3900	-1100	-3938	1102
39.57	-3000	2570	-2.12668	-2909	2496	-2.16802	-3900	-1100	-3938	1102
39.6	-2990	2570	-2.13209	-2908	2497	-2.16787	-3900	-1100	-3938	1102
39.63	-2990	2570	-2.13419	-2901	2494	-2.17046	-3900	-1100	-3938	1102
39.66	-2990	2570	-2.13716	-2894	2491	-2.17185	-3900	-1100	-3938	1102
39.69	-2980	2570	-2.14431	-2892	2490	-2.17313	-3900	-1100	-3938	1102
39.72	-2970	2560	-2.15217	-2888	2488	-2.17598	-3900	-1100	-3938	1102
39.75	-2950	2550	-2.16054	-2885	2487	-2.17964	-3900	-1100	-3938	1102
39.78	-2940	2540	-2.17625	-2882	2487	-2.18311	-3900	-1100	-3938	1102
39.81	-2920	2530	-2.19109	-2879	2486	-2.18676	-3900	-1100	-3938	1102
39.84	-2910	2520	-2.19754	-2878	2486	-2.1917	-3900	-1100	-3938	1102
39.87	-2900	2520	-2.20226	-2877	2487	-2.19121	-3900	-1100	-3938	1102
39.9	-2890	2510	-2.19911	-2876	2488	-2.18867	-3900	-1100	-3938	1102
39.93	-2890	2510	-2.19475	-2871	2485	-2.19012	-3900	-1100	-3938	1102
39.96	-2890	2520	-2.18777	-2865	2482	-2.1897	-3900	-1100	-3938	1102
39.99	-2900	2520	-2.17974	-2865	2482	-2.1897	-3900	-1100	-3938	1102
40.02	-2910	2530	-2.1663	-2860	2480	-2.18882	-3900	-1100	-3938	1102
40.05	-2920	2540	-2.16316	-2853	2477	-2.19246	-3900	-1100	-3938	1102
40.08	-2920	2550	-2.1595	-2850	2476	-2.19374	-3900	-1100	-3938	1102
40.11	-2930	2550	-2.15426	-2847	2475	-2.19287	-3900	-1100	-3938	1102
40.14	-2930	2550	-2.15653	-2847	2478	-2.18312	-3900	-1100	-3938	1102
40.17	-2930	2550	-2.16595	-2845	2478	-2.18523	-3900	-1100	-3938	1102
40.2	-2920	2550	-2.1773	-2840	2476	-2.1873	-3900	-1100	-3938	1102
40.23	-2920	2550	-2.17939	-2835	2474	-2.1858	-3900	-1100	-3938	1102
40.26	-2910	2540	-2.178	-2824	2469	-2.18674	-3900	-1100	-3938	1102
40.29	-2900	2540	-2.18131	-2817	2465	-2.18562	-3900	-1100	-3938	1102
40.32	-2890	2530	-2.18882	-2812	2464	-2.18494	-3900	-1100	-3938	1102
40.35	-2870	2520	-2.20121	-2812	2464	-2.18494	-3900	-1100	-3938	1102
40.38	-2850	2510	-2.19685	-2811	2466	-2.18322	-3900	-1100	-3938	1102
40.41	-2840	2500	-2.20313	-2809	2465	-2.18766	-3900	-1100	-3938	1102
40.44	-2830	2500	-2.23158	-2805	2464	-2.19825	-3900	-1100	-3938	1102
40.47	-2830	2500	-2.25531	-2801	2462	-2.20042	-3900	-1100	-3938	1102
40.5	-2830	2500	-2.25566	-2798	2459	-2.20248	-3900	-1100	-3938	1102
40.53	-2830	2500	-2.25217	-2794	2456	-2.20426	-3900	-1100	-3938	1102
40.56	-2840	2510	-2.24624	-2786	2452	-2.2063	-3900	-1100	-3938	1102
40.59	-2850	2510	-2.23681	-2782	2449	-2.20871	-3900	-1100	-3938	1102
40.62	-2860	2520	-2.22617	-2781	2449	-2.20603	-3900	-1100	-3938	1102
40.65	-2870	2530	-2.22023	-2782	2450	-2.20495	-3900	-1100	-3938	1102
40.68	-2870	2530	-2.2143	-2784	2451	-2.20088	-3900	-1100	-3938	1102
40.71	-2870	2530	-2.21028	-2787	2453	-2.19597	-3900	-1100	-3938	1102
40.74	-2870	2530	-2.21133	-2790	2454	-2.19286	-3900	-1100	-3938	1102
40.77	-2870	2530	-2.21133	-2793	2456	-2.18878	-3900	-1100	-3938	1102
40.8	-2870	2520	-2.21133	-2794	2456	-2.18698	-3900	-1100	-3938	1102
40.83	-2860	2520	-2.21622	-2795	2456	-2.18635	-3900	-1100	-3938	1102
40.86	-2850	2510	-2.22233	-2797	2457	-2.18518	-3900	-1100	-3938	1102
40.89	-2840	2500	-2.23315	-2798	2458	-2.18326	-3900	-1100	-3938	1102
40.92	-2830	2500	-2.24188	-2798	2458	-2.18326	-3900	-1100	-3938	1102
40.95	-2820	2490	-2.2527	-2799	2458	-2.18345	-3900	-1100	-3938	1102
40.98	-2810	2490	-2.25828	-2798	2458	-2.18731	-3900	-1100	-3938	1102
41.01	-2810	2480	-2.25968	-2799	2458	-2.18978	-3900	-1100	-3938	1102
41.04	-2810	2480	-2.2609	-2799	2458	-2.19309	-3900	-1100	-3938	1102
41.07	-2810	2490	-2.25811	-2801	2459	-2.19563	-3900	-1100	-3938	1102
41.1	-2820	2490	-2.25078	-2801	2459	-2.19891	-3900	-1100	-3938	1102
41.13	-2820	2490	-2.24484	-2801	2459	-2.20226	-3900	-1100	-3938	1102
41.16	-2830	2500	-2.22879	-2802	2460	-2.20576	-3900	-1100	-3938	1102
41.19	-2840	2510	-2.2218	-2805	2462	-2.20495	-3900	-1100	-3938	1102
41.22	-2850	2520	-2.21762	-2805	2462	-2.20495	-3900	-1100	-3938	1102
41.25	-2860	2520	-2.21028	-2809	2465	-2.202	-3900	-1100	-3938	1102
41.28	-2860	2520	-2.20226	-2810	2465	-2.19982	-3900	-1100	-3938	1102
41.31	-2860	2520	-2.19597	-2813	2468	-2.19598	-3900	-1100	-3938	1102
41.34	-2850	2520	-2.1944	-2812	2468	-2.1932	-3900	-1100	-3938	1102
41.37	-2850	2510	-2.19842	-2811	2466	-2.19424	-3900	-1100	-3938	1102
41.4	-2840	2510	-2.20191	-2812	2467	-2.1947	-3900	-1100	-3938	1102
41.43	-2830	2500	-2.2054	-2812	2468	-2.19719	-3900	-1100	-3938	1102
41.46	-2820	2500	-2.2314	-2813	2468	-2.19896	-3900	-1100	-3938	1102
41.49	-2810	2490	-2.24327	-2812	2467	-2.20092	-3900	-1100	-3938	1102
41.52	-2810	2490	-2.24083	-2811	2467	-2.20363	-3900	-1100	-3938	1102
41.55	-2810	2490	-2.2438	-2811	2467	-2.20422	-3900	-1100	-3938	1102
41.58	-2810	2490	-2.25322	-2813	2467	-2.20645	-3900	-1100	-3938	1102
41.61	-2810	2490	-2.25235	-2812	2467	-2.20868	-3900	-1100	-3938	1102
41.64	-2820	2490	-2.24798	-2813	2468	-2.21063	-3900	-1100	-3938	1102
41.67	-2830	2500	-2.241	-2816	2470	-2.21158	-3900	-1100	-3938	1102
41.7	-2840	2510	-2.2321	-2814	2468	-2.2151	-3900	-1100	-3938	1102
41.73	-2840	2510	-2.22355	-2814	2469	-2.21346	-3900	-1100	-3938	1102
41.76	-2840	2510	-2.21744	-2814	2469	-2.21346	-3900	-1100	-3938	1102
41.79	-2840	2510	-2.21762	-2816	2469	-2.20978	-3900	-1100	-3938	1102
41.82	-2840	2510	-2.23751	-2815	2469	-2.2069	-3900	-1100	-3938	1102
41.85	-2830	2510	-2.25706	-2816	2470	-2.20718	-3900	-1100	-3938	1102
41.88	-2830	2510	-2.25915	-2818	2472	-2.21012	-3900	-1100	-3938	1102
41.91	-2830	2520	-2.25095	-2819	2472	-2.21154	-3900	-1100	-3938	1102
41.94	-2830	2520	-2.22599	-2817	2472	-2.21426	-3900	-1100	-3938	1102
41.97	-2830	2510	-2.21692	-2816	2471	-2.21693	-3900	-1100	-3938	1102
42	-2830	2510	-2.23612	-2815	2471	-2.21806	-3900	-1100	-3938	1102
42.03	-2830	2510	-2.23681	-2814	2470	-2.21782	-3900	-1100	-3938	1102
42.06	-2830	2510	-2.23594	-2817	2472	-2.21539	-3900	-1100	-3938	1102
42.09	-2830	2510	-2.2417	-2817	2472	-2.21548	-3900	-1100	-3938	1102
42.12	-2830	2510	-2.23018	-2817	2472	-2.21548	-3900	-1100	-3938	1102
42.15	-2830	2510	-2.21919	-2814	2470	-2.21644	-3900	-1100	-3938	1102
42.18	-2830	2510	-2.21552	-2814	2470	-2.21644	-3900	-1100	-3938	1102
42.21	-2830	2510	-2.21186	-2815	2471	-2.21751	-3900	-1100	-3938	1102
42.24	-2830	2510	-2.20871	-2816	2472	-2.21645	-3900	-1100	-3938	1102
42.27	-2830	2510	-2.20557	-2816	2472	-2.21649	-3900	-1100	-3938	1102
42.3	-2830	2510	-2.204	-2817	2472	-2.21607	-3900	-1100	-3938	1102
42.33	-2830	2510	-2.20278	-2817	2472	-2.2162	-3900	-1100	-3938	1102
42.36	-2830	2510	-2.20208	-2819	2473	-2.21546	-3900	-1100	-3938	1102
42.39	-2830	2510	-2.19702	-2820	2475	-2.21397	-3900	-1100	-3938	1102
42.42	-2830	2510	-2.19405	-2820	2475	-2.21546	-3900	-1100	-3938	1102
42.45	-2830	2510	-2.20348	-2819	2474	-2.21697	-3900	-1100	-3938	1102
42.48	-2830	2510	-2.21866	-2819	2474	-2.2176	-3900	-1100	-3938	1102
42.51	-2830	2510	-2.21151	-2820	2475	-2.2174	-3900	-1100	-3938	1102
42.54	-2830	2510	-2.21098	-2821	2475	-2.21761	-3900	-1100	-3938	1102
42.57	-2830	2510	-2.1972	-2822	2476	-2.21714	-3900	-1100	-3938	1102
42.6	-2830	2510	-2.1944	-2822	2475	-2.21726	-3900	-1100	-3938	1102
42.63	-2830	2510	-2.19388	-2823	2476	-2.21632	-3900	-1100	-3938	1102
42.66	-2830	2510	-2.19475	-2822	2476	-2.21672	-3900	-1100	-3938	1102
42.69	-2830	2510	-2.19632	-2822	2476	-2.21672	-3900	-1100	-3938	1102
42.72	-2830	2510	-2.19807	-2822	2476	-2.21653	-3900	-1100	-3938	1102
42.75	-2830	2510	-2.19807	-2821	2475	-2.21708	-3900	-1100	-3938	1102
42.78	-2830	2510	-2.19789	-2821	2475	-2.21781	-3900	-1100	-3938	1102
42.81	-2830	2510	-2.19894	-2821	2475	-2.21726	-3900	-1100	-3938	1102
42.84	-2830	2510	-2.20191	-2822	2475	-2.21699	-3900	-1100	-3938	1102
42.87	-2830	2510	-2.20278	-2823	2476	-2.21646	-3900	-1100	-3938	1102
42.9	-2830	2510	-2.20226	-2824	2476	-2.21662	-3900	-1100	-3938	1102
42.93	-2830	2510	-2.20191	-2823	2476	-2.21658	-3900	-1100	-3911	1027
42.96	-2830	2510	-2.20557	-2822	2476	-2.21757	-3900	-1100	-3911	1027
42.99	-2830	2510	-2.20732	-2823	2476	-2.21746	-3900	-1100	-3911	1027
43.02	-2830	2510	-2.21011	-2823	2477	-2.21833	-3900	-1100	-3911	1027
43.05	-2830	2510	-2.21186	-2823	2477	-2.21833	-3900	-1100	-3911	1027
43.08	-2830	2510	-2.21133	-2824	2477	-2.21808	-3900	-1100	-3911	1027
43.11	-2830	2510	-2.21133	-2824	2477	-2.21844	-3900	-1100	-3911	1027
43.14	-2830	2510	-2.21412	-2823	2476	-2.21848	-3900	-1100	-3911	1027
43.17	-2830	2510	-2.21674	-2824	2477	-2.2179	-3900	-1100	-3911	1027
43.2	-2830	2510	-2.21988	-2824	2477	-2.2178	-3900	-1100	-3911	1027
43.23	-2830	2510	-2.2239	-2824	2477	-2.21813	-3900	-1100	-3911	1027
43.26	-2830	2510	-2.22652	-2824	2477	-2.21851	-3900	-1100	-3911	1027
43.29	-2830	2510	-2.23088	-2825	2478	-2.21787	-3900	-1100	-3911	1027
43.32	-2830	2510	-2.23507	-2824	2477	-2.21822	-3900	-1100	-3911	1027
43.35	-2830	2510	-2.23489	-2826	2479	-2.21713	-3900	-1100	-3911	1027
43.38	-2830	2510	-2.23175	-2826	2478	-2.21753	-3900	-1100	-3911	1027
43.41	-2830	2510	-2.23751	-2826	2478	-2.21672	-3900	-1100	-3911	1027
43.44	-2830	2510	-2.23629	-2826	2478	-2.21672	-3900	-1100	-3911	1027
43.47	-2830	2500	-2.23489	-2826	2479	-2.21606	-3900	-1100	-3911	1027
43.5	-2830	2500	-2.23228	-2826	2479	-2.21637	-3900	-1100	-3911	1027
43.53	-2820	2500	-2.23315	-2826	2479	-2.21669	-3900	-1100	-3911	1027
43.56	-2820	2500	-2.23577	-2826	2479	-2.21626	-3900	-1100	-3911	1027
43.59	-2820	2500	-2.2328	-2826	2479	-2.21595	-3900	-1100	-3911	1027
43.62	-2830	2500	-2.22564	-2826	2480	-2.21742	-3900	-1100	-3911	1027
43.65	-2830	2510	-2.22023	-2828	2482	-2.22071	-3900	-1100	-3911	1027
43.68	-2840	2510	-2.21168	-2833	2486	-2.22276	-3900	-1100	-3911	1027
43.71	-2850	2520	-2.21063	-2840	2492	-2.22122	-3900	-1100	-3911	1027
43.74	-2850	2520	-2.20906	-2852	2502	-2.22054	-3900	-1100	-3911	1027
43.77	-2860	2530	-2.204	-2857	2506	-2.22052	-3900	-1100	-3911	1027
43.8	-2870	2530	-2.19597	-2861	2510	-2.22061	-3900	-1100	-3911	1027
43.83	-2880	2540	-2.18445	-2862	2511	-2.21981	-3900	-1100	-3911	1027
43.86	-2880	2540	-2.16997	-2865	2513	-2.21502	-3900	-1100	-3911	1027
43.89	-2890	2550	-2.16421	-2865	2515	-2.21561	-3900	-1100	-3911	1027
43.92	-2890	2550	-2.16368	-2868	2518	-2.21766	-3900	-1100	-3911	1027
43.95	-2880	2540	-2.16526	-2873	2522	-2.21421	-3900	-1100	-3911	1027
43.98	-2870	2540	-2.17695	-2873	2522	-2.21421	-3900	-1100	-3911	1027
44.01	-2860	2530	-2.17939	-2882	2529	-2.21298	-3900	-1100	-3911	1027
44.04	-2840	2520	-2.18707	-2887	2534	-2.20738	-3900	-1100	-3911	1027
44.07	-2830	2520	-2.19632	-2891	2538	-2.20161	-3900	-1100	-3911	1027
44.1	-2830	2520	-2.21674	-2889	2537	-2.19981	-3900	-1100	-3911	1027
44.13	-2830	2520	-2.21482	-2887	2536	-2.2115	-3900	-1100	-3911	1027
44.16	-2830	2520	-2.20418	-2890	2539	-2.20439	-3900	-1100	-3911	1027
44.19	-2830	2520	-2.19301	-2896	2544	-2.19917	-3900	-1100	-3911	1027
44.22	-2840	2520	-2.18341	-2903	2550	-2.19108	-3900	-1100	-3911	1027
44.25	-2840	2520	-2.18794	-2910	2556	-2.18632	-3900	-1100	-3911	1027
44.28	-2850	2530	-2.17294	-2912	2558	-2.1857	-3900	-1100	-3911	1027
44.31	-2860	2540	-2.16752	-2912	2558	-2.18112	-3900	-1100	-3911	1027
44.34	-2880	2550	-2.16072	-2910	2557	-2.18149	-3900	-1100	-3911	1027
44.37	-2900	2560	-2.14082	-2910	2557	-2.18149	-3900	-1100	-3911	1027
44.4	-2910	2570	-2.1314	-2914	2559	-2.17251	-3900	-1100	-3911	1027
44.43	-2920	2570	-2.12965	-2915	2561	-2.1704	-3900	-1100	-3911	1027
44.46	-2920	2580	-2.13367	-2916	2563	-2.17031	-3900	-1100	-3911	1027
44.49	-2920	2580	-2.13332	-2920	2566	-2.16581	-3900	-1100	-3911	1027
44.52	-2910	2570	-2.13454	-2926	2571	-2.1613	-3900	-1100	-3911	1027
44.55	-2900	2570	-2.13942	-2933	2576	-2.15649	-3900	-1100	-3911	1027
44.58	-2890	2560	-2.15548	-2933	2576	-2.15649	-3900	-1100	-3911	1027
44.61	-2880	2560	-2.17049	-2947	2587	-2.14408	-3900	-1100	-3911	1027
44.64	-2880	2550	-2.1855	-2945	2586	-2.14777	-3900	-1100	-3911	1027
44.67	-2870	2560	-2.19545	-2946	2587	-2.1546	-3900	-1100	-3911	1027
44.7	-2870	2560	-2.1958	-2946	2588	-2.15321	-3900	-1100	-3911	1027
44.73	-2880	2550	-2.18917	-2952	2593	-2.15129	-3900	-1100	-3911	1027
44.76	-2880	2560	-2.18236	-2958	2598	-2.14708	-3900	-1100	-3911	1027
44.79	-2880	2560	-2.17922	-2968	2604	-2.14084	-3900	-1100	-3911	1027
44.82	-2890	2570	-2.17468	-2975	2610	-2.13773	-3900	-1100	-3911	1027
44.85	-2900	2570	-2.16456	-2975	2611	-2.13509	-3900	-1100	-3911	1027
44.88	-2910	2580	-2.15932	-2975	2611	-2.13509	-3900	-1100	-3911	1027
44.91	-2930	2590	-2.14745	-2979	2615	-2.13177	-3900	-1100	-3911	1027
44.94	-2950	2600	-2.13122	-2980	2616	-2.12635	-3900	-1100	-3911	1027
44.97	-2960	2610	-2.12476	-2980	2616	-2.12244	-3900	-1100	-3911	1027
45	-2970	2610	-2.12249	-2980	2616	-2.12244	-3900	-1100	-3911	1027
45.03	-2970	2620	-2.12354	-2981	2618	-2.12326	-3900	-1100	-3911	1027
45.06	-2960	2610	-2.12651	-2985	2622	-2.12422	-3900	-1100	-3911	1027
45.09	-2960	2610	-2.13716	-2992	2627	-2.11709	-3900	-1100	-3911	1027
45.12	-2950	2610	-2.14745	-3000	2633	-2.11631	-3900	-1100	-3911	1027
45.15	-2930	2600	-2.15601	-3005	2637	-2.11191	-3900	-1100	-3911	1027
45.18	-2920	2600	-2.1581	-3008	2640	-2.10818	-3900	-1100	-3911	1027
45.21	-2920	2590	-2.16159	-3009	2641	-2.11218	-3900	-1100	-3911	1027
45.24	-2920	2600	-2.1588	-3007	2641	-2.12428	-3900	-1100	-3911	1027
45.27	-2920	2590	-2.15827	-3008	2642	-2.12302	-3900	-1100	-3911	1027
45.3	-2920	2590	-2.15566	-3006	2642	-2.12472	-3900	-1100	-3911	1027
45.33	-2920	2600	-2.15583	-3006	2642	-2.12472	-3900	-1100	-3911	1027
45.36	-2930	2600	-2.1595	-3017	2651	-2.1173	-3900	-1100	-3911	1027
45.39	-2930	2610	-2.15234	-3022	2654	-2.11445	-3900	-1100	-3911	1027
45.42	-2940	2610	-2.13628	-3026	2658	-2.10847	-3900	-1100	-3911	1027
45.45	-2960	2620	-2.12616	-3025	2658	-2.10584	-3900	-1100	-3911	1027
45.48	-2980	2630	-2.10958	-3025	2658	-2.10225	-3900	-1100	-3911	1027
45.51	-2990	2640	-2.09457	-3024	2658	-2.09999	-3900	-1100	-3911	1027
45.54	-3010	2650	-2.09387	-3026	2660	-2.09604	-3900	-1100	-3911	1027
45.57	-3010	2650	-2.08846	-3026	2661	-2.09529	-3900	-1100	-3911	1027
45.6	-3010	2660	-2.08689	-3028	2663	-2.09609	-3900	-1100	-3911	1027
45.63	-3010	2660	-2.08689	-3028	2663	-2.09609	-3900	-1100	-3911	1027
45.66	-3000	2650	-2.09387	-3032	2667	-2.09326	-3900	-1100	-3911	1027
45.69	-2990	2650	-2.10347	-3039	2672	-2.09207	-3900	-1100	-3911	1027
45.72	-2980	2640	-2.11272	-3046	2677	-2.08685	-3900	-1100	-3911	1027
45.75	-2970	2640	-2.12232	-3048	2679	-2.08144	-3900	-1100	-3911	1027
45.78	-2970	2640	-2.13175	-3046	2679	-2.08919	-3900	-1100	-3911	1027
45.81	-2970	2640	-2.13	-3046	2679	-2.08919	-3900	-1100	-3911	1027
45.84	-2970	2640	-2.11482	-3047	2681	-2.09467	-3900	-1100	-3911	1027
45.87	-2970	2640	-2.10277	-3050	2684	-2.0859	-3900	-1100	-3911	1027
45.9	-2970	2640	-2.09265	-3055	2688	-2.07857	-3900	-1100	-3911	1027
45.93	-2980	2650	-2.09213	-3066	2695	-2.06668	-3900	-1100	-3911	1027
45.96	-2990	2650	-2.09457	-3070	2698	-2.06598	-3900	-1100	-3911	1027
45.99	-3000	2660	-2.08776	-3073	2701	-2.06529	-3900	-1100	-3911	1027
46.02	-3020	2670	-2.07642	-3072	2701	-2.06246	-3900	-1100	-3911	1027
46.05	-3040	2680	-2.0628	-3070	2701	-2.06088	-3900	-1100	-3911	1027
46.08	-3050	2680	-2.04849	-3069	2701	-2.05801	-3900	-1100	-3911	1027
46.11	-3060	2690	-2.04361	-3067	2701	-2.05798	-3900	-1100	-3911	1027
46.14	-3060	2690	-2.04343	-3067	2701	-2.05798	-3900	-1100	-3911	1027
46.17	-3060	2690	-2.04849	-3075	2707	-2.05573	-3900	-1100	-3911	1027
46.2	-3060	2690	-2.05443	-3077	2709	-2.05461	-3900	-1100	-3911	1027
46.23	-3050	2690	-2.06228	-3082	2712	-2.05434	-3900	-1100	-3911	1027
46.26	-3040	2690	-2.07799	-3087	2716	-2.05008	-3900	-1100	-3911	1027
46.29	-3030	2680	-2.08864	-3093	2721	-2.04458	-3900	-1100	-3911	1027
46.32	-3010	2680	-2.1005	-3094	2723	-2.03866	-3900	-1100	-3911	1027
46.35	-3010	2680	-2.1108	-3094	2723	-2.04524	-3900	-1100	-3911	1027
46.38	-3010	2670	-2.1108	-3090	2722	-2.05718	-3900	-1100	-3911	1027
46.41	-3010	2680	-2.10452	-3093	2726	-2.0548	-3900	-1100	-3911	1027
46.44	-3010	2680	-2.1033	-3098	2730	-2.05228	-3900	-1100	-3911	1027
46.47	-3010	2680	-2.10731	-3098	2730	-2.05228	-3900	-1100	-3911	1027
46.5	-3010	2680	-2.10679	-3105	2735	-2.0505	-3900	-1100	-3911	1027
46.53	-3020	2690	-2.10138	-3114	2742	-2.0469	-3900	-1100	-3911	1027
46.56	-3030	2690	-2.09073	-3118	2744	-2.04495	-3900	-1100	-3911	1027
46.59	-3040	2700	-2.07642	-3119	2746	-2.04336	-3900	-1100	-3911	1027
46.62	-3060	2710	-2.06438	-3117	2747	-2.04155	-3900	-1100	-3911	1027
46.65	-3080	2720	-2.05373	-3113	2745	-2.04287	-3900	-1100	-3911	1027
46.68	-3100	2730	-2.04605	-3107	2741	-2.04646	-3900	-1100	-3911	1027
46.71	-3100	2730	-2.03854	-3109	2745	-2.0423	-3900	-1100	-3911	1027
46.74	-3110	2740	-2.03628	-3110	2747	-2.04513	-3900	-1100	-3911	1027
46.77	-3110	2740	-2.04291	-3114	2749	-2.04433	-3900	-1100	-3911	1027
46.8	-3100	2740	-2.05216	-3123	2756	-2.04101	-3900	-1100	-3911	1027
46.83	-3090	2730	-2.05687	-3131	2761	-2.03912	-3900	-1100	-3911	1027
46.86	-3080	2730	-2.06333	-3131	2761	-2.03912	-3900	-1100	-3911	1027
46.89	-3070	2720	-2.06664	-3137	2766	-2.03608	-3900	-1100	-3911	1027
46.92	-3060	2720	-2.07659	-3136	2767	-2.03546	-3900	-1100	-3911	1027
46.95	-3060	2720	-2.07572	-3136	2767	-2.04539	-3900	-1100	-3911	1027
46.98	-3060	2720	-2.06577	-3134	2768	-2.05168	-3900	-1100	-3911	1027
47.01	-3060	2720	-2.05984	-3135	2770	-2.05107	-3900	-1100	-3911	1027
47.04	-3070	2730	-2.05233	-3140	2773	-2.04799	-3900	-1100	-3911	1027
47.07	-3070	2730	-2.04971	-3147	2778	-2.04043	-3900	-1100	-3911	1027
47.1	-3080	2730	-2.04849	-3154	2783	-2.04164	-3900	-1100	-3911	1027
47.13	-3090	2740	-2.03785	-3159	2787	-2.03631	-3900	-1100	-3911	1027
47.16	-3110	2750	-2.03924	-3160	2789	-2.03518	-3900	-1100	-3911	1027
47.19	-3130	2760	-2.02755	-3159	2790	-2.03416	-3900	-1100	-3911	1027
47.22	-3140	2770	-2.00783	-3161	2791	-2.02713	-3900	-1100	-3911	1027
